order,taoble_name_cn,taoble_name,column_name_CN,column_name,column_type,column_related,notes
1.2.6,,AShareFinancialIndicator,对象ID,OBJECT_ID,VARCHAR2(100),,
1.2.6,,AShareFinancialIndicator,Wind代码,S_INFO_WINDCODE,VARCHAR2(40),,
1.2.6,,AShareFinancialIndicator,Wind代码,WIND_CODE,VARCHAR2(40),,
1.2.6,,AShareFinancialIndicator,公告日期,ANN_DT,VARCHAR2(8),,
1.2.6,,AShareFinancialIndicator,报告期,REPORT_PERIOD,VARCHAR2(8),,
1.2.6,,AShareFinancialIndicator,货币代码,CRNCY_CODE,VARCHAR2(10),,默认为人民币
1.2.6,,AShareFinancialIndicator,非经常性损益,S_FA_EXTRAORDINARY,"NUMBER(20,4)",,元
1.2.6,,AShareFinancialIndicator,扣除非经常性损益后的净利润(扣除少数股东损益),S_FA_DEDUCTEDPROFIT,"NUMBER(20,4)",,元
1.2.6,,AShareFinancialIndicator,毛利,S_FA_GROSSMARGIN,"NUMBER(20,4)",,元
1.2.6,,AShareFinancialIndicator,经营活动净收益,S_FA_OPERATEINCOME,"NUMBER(20,4)",,元
1.2.6,,AShareFinancialIndicator,价值变动净收益,S_FA_INVESTINCOME,"NUMBER(20,4)",,元
1.2.6,,AShareFinancialIndicator,利息费用,S_STMNOTE_FINEXP,"NUMBER(20,4)",,元
1.2.6,,AShareFinancialIndicator,折旧与摊销,S_STM_IS,"NUMBER(20,4)",,元
1.2.6,,AShareFinancialIndicator,息税前利润,S_FA_EBIT,"NUMBER(20,4)",,"元,反向法"
1.2.6,,AShareFinancialIndicator,息税折旧摊销前利润,S_FA_EBITDA,"NUMBER(20,4)",,元
1.2.6,,AShareFinancialIndicator,企业自由现金流量(FCFF),S_FA_FCFF,"NUMBER(20,4)",,元
1.2.6,,AShareFinancialIndicator,股权自由现金流量(FCFE),S_FA_FCFE,"NUMBER(20,4)",,元
1.2.6,,AShareFinancialIndicator,无息流动负债,S_FA_EXINTERESTDEBT_CURRENT,"NUMBER(20,4)",,元
1.2.6,,AShareFinancialIndicator,无息非流动负债,S_FA_EXINTERESTDEBT_NONCURRENT,"NUMBER(20,4)",,元
1.2.6,,AShareFinancialIndicator,带息债务,S_FA_INTERESTDEBT,"NUMBER(20,4)",,元
1.2.6,,AShareFinancialIndicator,净债务,S_FA_NETDEBT,"NUMBER(20,4)",,元
1.2.6,,AShareFinancialIndicator,有形资产,S_FA_TANGIBLEASSET,"NUMBER(20,4)",,元
1.2.6,,AShareFinancialIndicator,营运资金,S_FA_WORKINGCAPITAL,"NUMBER(20,4)",,
1.2.6,,AShareFinancialIndicator,营运流动资本,S_FA_NETWORKINGCAPITAL,"NUMBER(20,4)",,元
1.2.6,,AShareFinancialIndicator,全部投入资本,S_FA_INVESTCAPITAL,"NUMBER(20,4)",,元
1.2.6,,AShareFinancialIndicator,留存收益,S_FA_RETAINEDEARNINGS,"NUMBER(20,4)",,元
1.2.6,,AShareFinancialIndicator,基本每股收益,S_FA_EPS_BASIC,"NUMBER(20,4)",,元
1.2.6,,AShareFinancialIndicator,稀释每股收益,S_FA_EPS_DILUTED,"NUMBER(20,4)",,元
1.2.6,,AShareFinancialIndicator,期末摊薄每股收益,S_FA_EPS_DILUTED2,"NUMBER(20,4)",,元
1.2.6,,AShareFinancialIndicator,每股净资产,S_FA_BPS,"NUMBER(20,4)",,元
1.2.6,,AShareFinancialIndicator,每股经营活动产生的现金流量净额,S_FA_OCFPS,"NUMBER(20,4)",,元
1.2.6,,AShareFinancialIndicator,每股营业总收入,S_FA_GRPS,"NUMBER(20,4)",,元
1.2.6,,AShareFinancialIndicator,每股营业收入,S_FA_ORPS,"NUMBER(20,4)",,元
1.2.6,,AShareFinancialIndicator,每股资本公积,S_FA_SURPLUSCAPITALPS,"NUMBER(20,4)",,元
1.2.6,,AShareFinancialIndicator,每股盈余公积,S_FA_SURPLUSRESERVEPS,"NUMBER(20,4)",,元
1.2.6,,AShareFinancialIndicator,每股未分配利润,S_FA_UNDISTRIBUTEDPS,"NUMBER(20,4)",,元
1.2.6,,AShareFinancialIndicator,每股留存收益,S_FA_RETAINEDPS,"NUMBER(20,4)",,元
1.2.6,,AShareFinancialIndicator,每股现金流量净额,S_FA_CFPS,"NUMBER(20,4)",,元
1.2.6,,AShareFinancialIndicator,每股息税前利润,S_FA_EBITPS,"NUMBER(20,4)",,元
1.2.6,,AShareFinancialIndicator,每股企业自由现金流量,S_FA_FCFFPS,"NUMBER(20,4)",,元
1.2.6,,AShareFinancialIndicator,每股股东自由现金流量,S_FA_FCFEPS,"NUMBER(20,4)",,元
1.2.6,,AShareFinancialIndicator,销售净利率,S_FA_NETPROFITMARGIN,"NUMBER(20,4)",,%
1.2.6,,AShareFinancialIndicator,销售毛利率,S_FA_GROSSPROFITMARGIN,"NUMBER(20,4)",,%
1.2.6,,AShareFinancialIndicator,销售成本率,S_FA_COGSTOSALES,"NUMBER(20,4)",,%
1.2.6,,AShareFinancialIndicator,销售期间费用率,S_FA_EXPENSETOSALES,"NUMBER(20,4)",,%
1.2.6,,AShareFinancialIndicator,净利润/营业总收入,S_FA_PROFITTOGR,"NUMBER(20,4)",,%
1.2.6,,AShareFinancialIndicator,销售费用/营业总收入,S_FA_SALEEXPENSETOGR,"NUMBER(20,4)",,%
1.2.6,,AShareFinancialIndicator,管理费用/营业总收入,S_FA_ADMINEXPENSETOGR,"NUMBER(20,4)",,%
1.2.6,,AShareFinancialIndicator,财务费用/营业总收入,S_FA_FINAEXPENSETOGR,"NUMBER(20,4)",,%
1.2.6,,AShareFinancialIndicator,资产减值损失/营业总收入,S_FA_IMPAIRTOGR_TTM,"NUMBER(20,4)",,%
1.2.6,,AShareFinancialIndicator,营业总成本/营业总收入,S_FA_GCTOGR,"NUMBER(20,4)",,%
1.2.6,,AShareFinancialIndicator,营业利润/营业总收入,S_FA_OPTOGR,"NUMBER(20,4)",,%
1.2.6,,AShareFinancialIndicator,息税前利润/营业总收入,S_FA_EBITTOGR,"NUMBER(20,4)",,%
1.2.6,,AShareFinancialIndicator,净资产收益率,S_FA_ROE,"NUMBER(20,4)",,%
1.2.6,,AShareFinancialIndicator,净资产收益率(扣除非经常损益),S_FA_ROE_DEDUCTED,"NUMBER(20,4)",,%
1.2.6,,AShareFinancialIndicator,总资产报酬率,S_FA_ROA2,"NUMBER(20,4)",,%
1.2.6,,AShareFinancialIndicator,总资产净利率,S_FA_ROA,"NUMBER(20,4)",,%
1.2.6,,AShareFinancialIndicator,投入资本回报率,S_FA_ROIC,"NUMBER(20,4)",,%
1.2.6,,AShareFinancialIndicator,年化净资产收益率,S_FA_ROE_YEARLY,"NUMBER(20,4)",,%
1.2.6,,AShareFinancialIndicator,年化总资产报酬率,S_FA_ROA2_YEARLY,"NUMBER(20,4)",,%
1.2.6,,AShareFinancialIndicator,平均净资产收益率(增发条件),S_FA_ROE_AVG,"NUMBER(20,4)",,%
1.2.6,,AShareFinancialIndicator,经营活动净收益/利润总额,S_FA_OPERATEINCOMETOEBT,"NUMBER(20,4)",,%
1.2.6,,AShareFinancialIndicator,价值变动净收益/利润总额,S_FA_INVESTINCOMETOEBT,"NUMBER(20,4)",,%
1.2.6,,AShareFinancialIndicator,营业外收支净额/利润总额,S_FA_NONOPERATEPROFITTOEBT,"NUMBER(20,4)",,%
1.2.6,,AShareFinancialIndicator,所得税/利润总额,S_FA_TAXTOEBT,"NUMBER(20,4)",,%
1.2.6,,AShareFinancialIndicator,扣除非经常损益后的净利润/净利润,S_FA_DEDUCTEDPROFITTOPROFIT,"NUMBER(20,4)",,%
1.2.6,,AShareFinancialIndicator,销售商品提供劳务收到的现金/营业收入,S_FA_SALESCASHINTOOR,"NUMBER(20,4)",,%
1.2.6,,AShareFinancialIndicator,经营活动产生的现金流量净额/营业收入,S_FA_OCFTOOR,"NUMBER(20,4)",,%
1.2.6,,AShareFinancialIndicator,经营活动产生的现金流量净额/经营活动净收益,S_FA_OCFTOOPERATEINCOME,"NUMBER(20,4)",,%
1.2.6,,AShareFinancialIndicator,资本支出/折旧和摊销,S_FA_CAPITALIZEDTODA,"NUMBER(20,4)",,%
1.2.6,,AShareFinancialIndicator,资产负债率,S_FA_DEBTTOASSETS,"NUMBER(20,4)",,%
1.2.6,,AShareFinancialIndicator,权益乘数,S_FA_ASSETSTOEQUITY,"NUMBER(20,4)",,
1.2.6,,AShareFinancialIndicator,权益乘数(用于杜邦分析),S_FA_DUPONT_ASSETSTOEQUITY,"NUMBER(20,4)",,
1.2.6,,AShareFinancialIndicator,流动资产/总资产,S_FA_CATOASSETS,"NUMBER(20,4)",,%
1.2.6,,AShareFinancialIndicator,非流动资产/总资产,S_FA_NCATOASSETS,"NUMBER(20,4)",,%
1.2.6,,AShareFinancialIndicator,有形资产/总资产,S_FA_TANGIBLEASSETSTOASSETS,"NUMBER(20,4)",,%
1.2.6,,AShareFinancialIndicator,带息债务/全部投入资本,S_FA_INTDEBTTOTOTALCAP,"NUMBER(20,4)",,%
1.2.6,,AShareFinancialIndicator,归属于母公司的股东权益/全部投入资本,S_FA_EQUITYTOTOTALCAPITAL,"NUMBER(20,4)",,%
1.2.6,,AShareFinancialIndicator,流动负债/负债合计,S_FA_CURRENTDEBTTODEBT,"NUMBER(20,4)",,%
1.2.6,,AShareFinancialIndicator,非流动负债/负债合计,S_FA_LONGDEBTODEBT,"NUMBER(20,4)",,%
1.2.6,,AShareFinancialIndicator,流动比率,S_FA_CURRENT,"NUMBER(20,4)",,%
1.2.6,,AShareFinancialIndicator,速动比率,S_FA_QUICK,"NUMBER(20,4)",,
1.2.6,,AShareFinancialIndicator,保守速动比率,S_FA_CASHRATIO,"NUMBER(20,4)",,%
1.2.6,,AShareFinancialIndicator,经营活动产生的现金流量净额/流动负债,S_FA_OCFTOSHORTDEBT,"NUMBER(20,4)",,%
1.2.6,,AShareFinancialIndicator,产权比率,S_FA_DEBTTOEQUITY,"NUMBER(20,4)",,%
1.2.6,,AShareFinancialIndicator,归属于母公司的股东权益/负债合计,S_FA_EQUITYTODEBT,"NUMBER(20,4)",,%
1.2.6,,AShareFinancialIndicator,归属于母公司的股东权益/带息债务,S_FA_EQUITYTOINTERESTDEBT,"NUMBER(20,4)",,%
1.2.6,,AShareFinancialIndicator,有形资产/负债合计,S_FA_TANGIBLEASSETTODEBT,"NUMBER(20,4)",,%
1.2.6,,AShareFinancialIndicator,有形资产/带息债务,S_FA_TANGASSETTOINTDEBT,"NUMBER(20,4)",,%
1.2.6,,AShareFinancialIndicator,有形资产/净债务,S_FA_TANGIBLEASSETTONETDEBT,"NUMBER(20,4)",,%
1.2.6,,AShareFinancialIndicator,经营活动产生的现金流量净额/负债合计,S_FA_OCFTODEBT,"NUMBER(20,4)",,%
1.2.6,,AShareFinancialIndicator,经营活动产生的现金流量净额/带息债务,S_FA_OCFTOINTERESTDEBT,"NUMBER(20,4)",,%
1.2.6,,AShareFinancialIndicator,经营活动产生的现金流量净额/净债务,S_FA_OCFTONETDEBT,"NUMBER(20,4)",,%
1.2.6,,AShareFinancialIndicator,已获利息倍数(EBIT/利息费用),S_FA_EBITTOINTEREST,"NUMBER(20,4)",,%
1.2.6,,AShareFinancialIndicator,长期债务与营运资金比率,S_FA_LONGDEBTTOWORKINGCAPITAL,"NUMBER(20,4)",,%
1.2.6,,AShareFinancialIndicator,息税折旧摊销前利润/负债合计,S_FA_EBITDATODEBT,"NUMBER(20,4)",,%
1.2.6,,AShareFinancialIndicator,营业周期,S_FA_TURNDAYS,"NUMBER(20,4)",,天
1.2.6,,AShareFinancialIndicator,存货周转天数,S_FA_INVTURNDAYS,"NUMBER(20,4)",,天
1.2.6,,AShareFinancialIndicator,应收账款周转天数,S_FA_ARTURNDAYS,"NUMBER(20,4)",,天
1.2.6,,AShareFinancialIndicator,存货周转率,S_FA_INVTURN,"NUMBER(20,4)",,次
1.2.6,,AShareFinancialIndicator,应收账款周转率,S_FA_ARTURN,"NUMBER(20,4)",,次
1.2.6,,AShareFinancialIndicator,流动资产周转率,S_FA_CATURN,"NUMBER(20,4)",,次
1.2.6,,AShareFinancialIndicator,固定资产周转率,S_FA_FATURN,"NUMBER(20,4)",,次
1.2.6,,AShareFinancialIndicator,总资产周转率,S_FA_ASSETSTURN,"NUMBER(20,4)",,次
1.2.6,,AShareFinancialIndicator,年化总资产净利率,S_FA_ROA_YEARLY,"NUMBER(20,4)",,%
1.2.6,,AShareFinancialIndicator,总资产净利率(杜邦分析),S_FA_DUPONT_ROA,"NUMBER(20,4)",,%
1.2.6,,AShareFinancialIndicator,固定资产合计,S_STM_BS,"NUMBER(20,4)",,元
1.2.6,,AShareFinancialIndicator,扣除财务费用前营业利润,S_FA_PREFINEXPENSE_OPPROFIT,"NUMBER(20,4)",,元
1.2.6,,AShareFinancialIndicator,非营业利润,S_FA_NONOPPROFIT,"NUMBER(20,4)",,元
1.2.6,,AShareFinancialIndicator,营业利润／利润总额,S_FA_OPTOEBT,"NUMBER(20,4)",,%
1.2.6,,AShareFinancialIndicator,非营业利润／利润总额,S_FA_NOPTOEBT,"NUMBER(20,4)",,%
1.2.6,,AShareFinancialIndicator,经营活动产生的现金流量净额／营业利润,S_FA_OCFTOPROFIT,"NUMBER(20,4)",,%
1.2.6,,AShareFinancialIndicator,货币资金／流动负债,S_FA_CASHTOLIQDEBT,"NUMBER(20,4)",,%
1.2.6,,AShareFinancialIndicator,货币资金／带息流动负债,S_FA_CASHTOLIQDEBTWITHINTEREST,"NUMBER(20,4)",,%
1.2.6,,AShareFinancialIndicator,营业利润／流动负债,S_FA_OPTOLIQDEBT,"NUMBER(20,4)",,%
1.2.6,,AShareFinancialIndicator,营业利润／负债合计,S_FA_OPTODEBT,"NUMBER(20,4)",,%
1.2.6,,AShareFinancialIndicator,年化投入资本回报率,S_FA_ROIC_YEARLY,"NUMBER(20,4)",,%
1.2.6,,AShareFinancialIndicator,固定资产合计周转率,S_FA_TOT_FATURN,"NUMBER(20,4)",,次
1.2.6,,AShareFinancialIndicator,利润总额／营业收入,S_FA_PROFITTOOP,"NUMBER(20,4)",,%
1.2.6,,AShareFinancialIndicator,单季度.经营活动净收益,S_QFA_OPERATEINCOME,"NUMBER(20,4)",,元
1.2.6,,AShareFinancialIndicator,单季度.价值变动净收益,S_QFA_INVESTINCOME,"NUMBER(20,4)",,元
1.2.6,,AShareFinancialIndicator,单季度.扣除非经常损益后的净利润,S_QFA_DEDUCTEDPROFIT,"NUMBER(20,4)",,元
1.2.6,,AShareFinancialIndicator,单季度.每股收益,S_QFA_EPS,"NUMBER(20,4)",,元
1.2.6,,AShareFinancialIndicator,单季度.销售净利率,S_QFA_NETPROFITMARGIN,"NUMBER(20,4)",,%
1.2.6,,AShareFinancialIndicator,单季度.销售毛利率,S_QFA_GROSSPROFITMARGIN,"NUMBER(20,4)",,%
1.2.6,,AShareFinancialIndicator,单季度.销售期间费用率,S_QFA_EXPENSETOSALES,"NUMBER(20,4)",,%
1.2.6,,AShareFinancialIndicator,单季度.净利润／营业总收入,S_QFA_PROFITTOGR,"NUMBER(20,4)",,%
1.2.6,,AShareFinancialIndicator,单季度.销售费用／营业总收入,S_QFA_SALEEXPENSETOGR,"NUMBER(20,4)",,%
1.2.6,,AShareFinancialIndicator,单季度.管理费用／营业总收入,S_QFA_ADMINEXPENSETOGR,"NUMBER(20,4)",,%
1.2.6,,AShareFinancialIndicator,单季度.财务费用／营业总收入,S_QFA_FINAEXPENSETOGR,"NUMBER(20,4)",,%
1.2.6,,AShareFinancialIndicator,单季度.资产减值损失／营业总收入,S_QFA_IMPAIRTOGR_TTM,"NUMBER(20,4)",,%
1.2.6,,AShareFinancialIndicator,单季度.营业总成本／营业总收入,S_QFA_GCTOGR,"NUMBER(20,4)",,%
1.2.6,,AShareFinancialIndicator,单季度.营业利润／营业总收入,S_QFA_OPTOGR,"NUMBER(20,4)",,%
1.2.6,,AShareFinancialIndicator,单季度.净资产收益率,S_QFA_ROE,"NUMBER(20,4)",,%
1.2.6,,AShareFinancialIndicator,单季度.净资产收益率(扣除非经常损益),S_QFA_ROE_DEDUCTED,"NUMBER(20,4)",,%
1.2.6,,AShareFinancialIndicator,单季度.总资产净利润,S_QFA_ROA,"NUMBER(20,4)",,%
1.2.6,,AShareFinancialIndicator,单季度.经营活动净收益／利润总额,S_QFA_OPERATEINCOMETOEBT,"NUMBER(20,4)",,%
1.2.6,,AShareFinancialIndicator,单季度.价值变动净收益／利润总额,S_QFA_INVESTINCOMETOEBT,"NUMBER(20,4)",,%
1.2.6,,AShareFinancialIndicator,单季度.扣除非经常损益后的净利润／净利润,S_QFA_DEDUCTEDPROFITTOPROFIT,"NUMBER(20,4)",,%
1.2.6,,AShareFinancialIndicator,单季度.销售商品提供劳务收到的现金／营业收入,S_QFA_SALESCASHINTOOR,"NUMBER(20,4)",,%
1.2.6,,AShareFinancialIndicator,单季度.经营活动产生的现金流量净额／营业收入,S_QFA_OCFTOSALES,"NUMBER(20,4)",,%
1.2.6,,AShareFinancialIndicator,单季度.经营活动产生的现金流量净额／经营活动净收益,S_QFA_OCFTOOR,"NUMBER(20,4)",,%
1.2.6,,AShareFinancialIndicator,同比增长率-基本每股收益(%),S_FA_YOYEPS_BASIC,"NUMBER(20,4)",,%
1.2.6,,AShareFinancialIndicator,同比增长率-稀释每股收益(%),S_FA_YOYEPS_DILUTED,"NUMBER(20,4)",,%
1.2.6,,AShareFinancialIndicator,同比增长率-每股经营活动产生的现金流量净额(%),S_FA_YOYOCFPS,"NUMBER(20,4)",,%
1.2.6,,AShareFinancialIndicator,同比增长率-营业利润(%),S_FA_YOYOP,"NUMBER(20,4)",,%
1.2.6,,AShareFinancialIndicator,同比增长率-利润总额(%),S_FA_YOYEBT,"NUMBER(20,4)",,%
1.2.6,,AShareFinancialIndicator,同比增长率-归属母公司股东的净利润(%),S_FA_YOYNETPROFIT,"NUMBER(20,4)",,%
1.2.6,,AShareFinancialIndicator,同比增长率-归属母公司股东的净利润-扣除非经常损益(%),S_FA_YOYNETPROFIT_DEDUCTED,"NUMBER(20,4)",,%
1.2.6,,AShareFinancialIndicator,同比增长率-经营活动产生的现金流量净额(%),S_FA_YOYOCF,"NUMBER(20,4)",,%
1.2.6,,AShareFinancialIndicator,同比增长率-净资产收益率(摊薄)(%),S_FA_YOYROE,"NUMBER(20,4)",,%
1.2.6,,AShareFinancialIndicator,相对年初增长率-每股净资产(%),S_FA_YOYBPS,"NUMBER(20,4)",,%
1.2.6,,AShareFinancialIndicator,相对年初增长率-资产总计(%),S_FA_YOYASSETS,"NUMBER(20,4)",,%
1.2.6,,AShareFinancialIndicator,相对年初增长率-归属母公司的股东权益(%),S_FA_YOYEQUITY,"NUMBER(20,4)",,%
1.2.6,,AShareFinancialIndicator,营业总收入同比增长率(%),S_FA_YOY_TR,"NUMBER(20,4)",,%
1.2.6,,AShareFinancialIndicator,营业收入同比增长率(%),S_FA_YOY_OR,"NUMBER(20,4)",,%
1.2.6,,AShareFinancialIndicator,单季度.营业总收入同比增长率(%),S_QFA_YOYGR,"NUMBER(20,4)",,%
1.2.6,,AShareFinancialIndicator,单季度.营业总收入环比增长率(%),S_QFA_CGRGR,"NUMBER(20,4)",,%
1.2.6,,AShareFinancialIndicator,单季度.营业收入同比增长率(%),S_QFA_YOYSALES,"NUMBER(20,4)",,%
1.2.6,,AShareFinancialIndicator,单季度.营业收入环比增长率(%),S_QFA_CGRSALES,"NUMBER(20,4)",,%
1.2.6,,AShareFinancialIndicator,单季度.营业利润同比增长率(%),S_QFA_YOYOP,"NUMBER(20,4)",,%
1.2.6,,AShareFinancialIndicator,单季度.营业利润环比增长率(%),S_QFA_CGROP,"NUMBER(20,4)",,%
1.2.6,,AShareFinancialIndicator,单季度.净利润同比增长率(%),S_QFA_YOYPROFIT,"NUMBER(20,4)",,%
1.2.6,,AShareFinancialIndicator,单季度.净利润环比增长率(%),S_QFA_CGRPROFIT,"NUMBER(20,4)",,%
1.2.6,,AShareFinancialIndicator,单季度.归属母公司股东的净利润同比增长率(%),S_QFA_YOYNETPROFIT,"NUMBER(20,4)",,%
1.2.6,,AShareFinancialIndicator,单季度.归属母公司股东的净利润环比增长率(%),S_QFA_CGRNETPROFIT,"NUMBER(20,4)",,%
1.2.6,,AShareFinancialIndicator,净资产(同比增长率),S_FA_YOY_EQUITY,"NUMBER(20,4)",,%
1.2.6,,AShareFinancialIndicator,研发费用,RD_EXPENSE,"NUMBER(20,4)",,元
1.2.6,,AShareFinancialIndicator,加权平均净资产收益率,WAA_ROE,"NUMBER(20,4)",,%
1.2.6,,AShareFinancialIndicator,公司ID,S_INFO_COMPCODE,VARCHAR2(10),,
1.3.1,中国A股股权关系,AShareEquityRelationships,对象ID,OBJECT_ID,VARCHAR2(100),,
1.3.1,中国A股股权关系,AShareEquityRelationships,Wind代码,S_INFO_WINDCODE,VARCHAR2(40),,
1.3.1,中国A股股权关系,AShareEquityRelationships,公告日期,ANN_DT,VARCHAR2(8),,
1.3.1,中国A股股权关系,AShareEquityRelationships,截止日期,ENDDATE,VARCHAR2(8),,
1.3.1,中国A股股权关系,AShareEquityRelationships,公司名称,S_INFO_COMPNAME,VARCHAR2(200),,
1.3.1,中国A股股权关系,AShareEquityRelationships,公司ID,S_INFO_COMPCODE,VARCHAR2(10),,
1.3.1,中国A股股权关系,AShareEquityRelationships,公司与披露方关系,RELATION_TYPE,VARCHAR2(40),,公司本身 公司股东 公司控股参股公司 公司其它关联方
1.3.1,中国A股股权关系,AShareEquityRelationships,股东名称,S_HOLDER_NAME,VARCHAR2(200),,
1.3.1,中国A股股权关系,AShareEquityRelationships,股东ID,S_HOLDER_CODE,VARCHAR2(10),,
1.3.1,中国A股股权关系,AShareEquityRelationships,股东类型,S_HOLDER_TYPE,"NUMBER(5,0)",,1:个人 2:公司
1.3.1,中国A股股权关系,AShareEquityRelationships,持股比例(%),S_HOLDER_PCT,"NUMBER(20,4)",,
1.3.1,中国A股股权关系,AShareEquityRelationships,股东是否为实际控制人,IS_ACTUALCONTROLLER,"NUMBER(5,0)",,0:否 1:是
1.3.1,中国A股股权关系,AShareEquityRelationships,实际控制人类型,ACTUALCONTROLLER_TYPE,VARCHAR2(80),,大学 地方国有企业 地方国资委 地方政府 个人 国资委 集体企业 境外 其他 职工持股会(工会) 中央国家机关 中央国有企业
1.3.1,中国A股股权关系,AShareEquityRelationships,股东是否为公布实际控制人,ACTUALCONTROLLER_IS_ANN,"NUMBER(5,0)",,0:否 1:是
1.3.1,中国A股股权关系,AShareEquityRelationships,实际控制人简介,ACTUALCONTROLLER_INTRO,VARCHAR2(1000),,
1.3.1,中国A股股权关系,AShareEquityRelationships,股东是否为公布控股股东,IS_CONTROLLING_SHAREHOLDERS,"NUMBER(1,0)",,
1.3.2,中国A股流通股东,AShareFloatHolder,对象ID,OBJECT_ID,VARCHAR2(100),,
1.3.2,中国A股流通股东,AShareFloatHolder,Wind代码,S_INFO_WINDCODE,VARCHAR2(40),,
1.3.2,中国A股流通股东,AShareFloatHolder,公告日期,ANN_DT,VARCHAR2(8),,
1.3.2,中国A股流通股东,AShareFloatHolder,截止日期,S_HOLDER_ENDDATE,VARCHAR2(8),,
1.3.2,中国A股流通股东,AShareFloatHolder,股东类型,S_HOLDER_HOLDERCATEGORY,VARCHAR2(1),,1:个人;2:公司
1.3.2,中国A股流通股东,AShareFloatHolder,持有人,S_HOLDER_NAME,VARCHAR2(300),,
1.3.2,中国A股流通股东,AShareFloatHolder,数量（股）,S_HOLDER_QUANTITY,"NUMBER(20,4)",,
1.3.2,中国A股流通股东,AShareFloatHolder,持有人（容错后）,S_HOLDER_WINDNAME,VARCHAR2(200),,
1.3.2,中国A股流通股东,AShareFloatHolder,报告期,REPORT_PERIOD,VARCHAR2(8),,
1.3.3,中国A股前十大股东,AShareInsideHolder,对象ID,OBJECT_ID,VARCHAR2(100),,
1.3.3,中国A股前十大股东,AShareInsideHolder,Wind代码,S_INFO_WINDCODE,VARCHAR2(40),,
1.3.3,中国A股前十大股东,AShareInsideHolder,公告日期,ANN_DT,VARCHAR2(8),,
1.3.3,中国A股前十大股东,AShareInsideHolder,截止日期,S_HOLDER_ENDDATE,VARCHAR2(8),,
1.3.3,中国A股前十大股东,AShareInsideHolder,股东类型,S_HOLDER_HOLDERCATEGORY,VARCHAR2(1),,1:个人;2:公司
1.3.3,中国A股前十大股东,AShareInsideHolder,股东名称,S_HOLDER_NAME,VARCHAR2(100),,容错后的名称
1.3.3,中国A股前十大股东,AShareInsideHolder,持股数量,S_HOLDER_QUANTITY,"NUMBER(20,4)",,
1.3.3,中国A股前十大股东,AShareInsideHolder,持股比例,S_HOLDER_PCT,"NUMBER(20,4)",,
1.3.3,中国A股前十大股东,AShareInsideHolder,持股性质代码,S_HOLDER_SHARECATEGORY,VARCHAR2(40),,
1.3.3,中国A股前十大股东,AShareInsideHolder,持有限售股份（非流通股）数量,S_HOLDER_RESTRICTEDQUANTITY,"NUMBER(20,4)",,
1.3.3,中国A股前十大股东,AShareInsideHolder,股东名称,S_HOLDER_ANAME,VARCHAR2(100),,公布的名称
1.3.3,中国A股前十大股东,AShareInsideHolder,关联方序号,S_HOLDER_SEQUENCE,VARCHAR2(200),,同一组关联股东为同一序号
1.3.3,中国A股前十大股东,AShareInsideHolder,持股性质,S_HOLDER_SHARECATEGORYNAME,VARCHAR2(40),,
1.3.3,中国A股前十大股东,AShareInsideHolder,股东说明,S_HOLDER_MEMO,VARCHAR2(1500),,
1.3.3,中国A股前十大股东,AShareInsideHolder,公司ID,S_INFO_COMPCODE,VARCHAR2(10),,
1.3.3,中国A股前十大股东,AShareInsideHolder,报告期,REPORT_PERIOD,VARCHAR2(10),,
1.3.4,中国A股重要股东增减持,AShareMjrHolderTrade,对象ID,OBJECT_ID,VARCHAR2(100),,
1.3.4,中国A股重要股东增减持,AShareMjrHolderTrade,Wind代码,S_INFO_WINDCODE,VARCHAR2(40),,
1.3.4,中国A股重要股东增减持,AShareMjrHolderTrade,公告日期,ANN_DT,VARCHAR2(8),,
1.3.4,中国A股重要股东增减持,AShareMjrHolderTrade,变动起始日期,TRANSACT_STARTDATE,VARCHAR2(8),,
1.3.4,中国A股重要股东增减持,AShareMjrHolderTrade,变动截至日期,TRANSACT_ENDDATE,VARCHAR2(8),,
1.3.4,中国A股重要股东增减持,AShareMjrHolderTrade,持有人,HOLDER_NAME,VARCHAR2(200),,
1.3.4,中国A股重要股东增减持,AShareMjrHolderTrade,持有人类型,HOLDER_TYPE,VARCHAR2(1),,1:个人;2:公司;3:高管
1.3.4,中国A股重要股东增减持,AShareMjrHolderTrade,买卖方向,TRANSACT_TYPE,VARCHAR2(4),,1:增持;2:减持
1.3.4,中国A股重要股东增减持,AShareMjrHolderTrade,变动数量,TRANSACT_QUANTITY,"NUMBER(20,4)",,
1.3.4,中国A股重要股东增减持,AShareMjrHolderTrade,变动数量占流通量比例(%),TRANSACT_QUANTITY_RATIO,"NUMBER(20,4)",,
1.3.4,中国A股重要股东增减持,AShareMjrHolderTrade,最新持有流通数量,HOLDER_QUANTITY_NEW,"NUMBER(20,4)",,增减持后持有证券的数量
1.3.4,中国A股重要股东增减持,AShareMjrHolderTrade,最新持有流通数量占流通量比例(%),HOLDER_QUANTITY_NEW_RATIO,"NUMBER(20,4)",,
1.3.4,中国A股重要股东增减持,AShareMjrHolderTrade,平均价格,AVG_PRICE,"NUMBER(20,4)",,
1.3.4,中国A股重要股东增减持,AShareMjrHolderTrade,是否约定购回式交易,WHETHER_AGREED_REPUR_TRANS,"NUMBER(1,0)",,"1:是约定购回式交易,0:不是约定购回式交易"
1.3.4,中国A股重要股东增减持,AShareMjrHolderTrade,通过大宗交易系统的变动数量,BLOCKTRADE_QUANTITY,"NUMBER(20,4)",,
1.3.4,中国A股重要股东增减持,AShareMjrHolderTrade,是否为减持限售股份,IS_RESTRICTED,"NUMBER(1,0)",,"1为限售股份,否则为非限售股份"
1.3.4,中国A股重要股东增减持,AShareMjrHolderTrade,是否重复披露,IS_REANNOUNCED,"NUMBER(1,0)",,持股变动数据在AShareInsiderTrade表是否有重复记录
1.3.4,中国A股重要股东增减持,AShareMjrHolderTrade,变动说明,TRADE_DETAIL,VARCHAR2(1000),,
1.3.4,中国A股重要股东增减持,AShareMjrHolderTrade,最新持股总数,NEW_HOLD_TOT,"NUMBER(20,4)",,
0.3.2,中国A股指数日行情,AIndexEODPrices,对象ID,OBJECT_ID,VARCHAR2(100),,
0.3.2,中国A股指数日行情,AIndexEODPrices,Wind代码,S_INFO_WINDCODE,VARCHAR2(40),,
0.3.2,中国A股指数日行情,AIndexEODPrices,交易日期,TRADE_DT,VARCHAR2(8),,
0.3.2,中国A股指数日行情,AIndexEODPrices,货币代码,CRNCY_CODE,VARCHAR2(10),,
0.3.2,中国A股指数日行情,AIndexEODPrices,昨收盘价(点),S_DQ_PRECLOSE,"NUMBER(20,4)",,
0.3.2,中国A股指数日行情,AIndexEODPrices,开盘价(点),S_DQ_OPEN,"NUMBER(20,4)",,
0.3.2,中国A股指数日行情,AIndexEODPrices,最高价(点),S_DQ_HIGH,"NUMBER(20,4)",,
0.3.2,中国A股指数日行情,AIndexEODPrices,最低价(点),S_DQ_LOW,"NUMBER(20,4)",,
0.3.2,中国A股指数日行情,AIndexEODPrices,收盘价(点),S_DQ_CLOSE,"NUMBER(20,4)",,
0.3.2,中国A股指数日行情,AIndexEODPrices,涨跌(点),S_DQ_CHANGE,"NUMBER(20,4)",,
0.3.2,中国A股指数日行情,AIndexEODPrices,涨跌幅(%),S_DQ_PCTCHANGE,"NUMBER(20,4)",,
0.3.2,中国A股指数日行情,AIndexEODPrices,成交量(手),S_DQ_VOLUME,"NUMBER(20,4)",,
0.3.2,中国A股指数日行情,AIndexEODPrices,成交金额(千元),S_DQ_AMOUNT,"NUMBER(20,4)",,
0.3.2,中国A股指数日行情,AIndexEODPrices,证券ID,SEC_ID,VARCHAR2(10),,
0.3.3,中国A股指数成份股,AIndexMembers,对象ID,OBJECT_ID,VARCHAR2(100),,
0.3.3,中国A股指数成份股,AIndexMembers,指数Wind代码,S_INFO_WINDCODE,VARCHAR2(40),,
0.3.3,中国A股指数成份股,AIndexMembers,成份股Wind代码,S_CON_WINDCODE,VARCHAR2(40),,
0.3.3,中国A股指数成份股,AIndexMembers,纳入日期,S_CON_INDATE,VARCHAR2(8),,
0.3.3,中国A股指数成份股,AIndexMembers,剔除日期,S_CON_OUTDATE,VARCHAR2(8),,
0.3.3,中国A股指数成份股,AIndexMembers,最新标志,CUR_SIGN,"NUMBER(1,0)",,1:是 0:否
0.3.4,中国A股Wind行业指数日行情,AIndexWindIndustriesEO,对象ID,OBJECT_ID,VARCHAR2(100),,
0.3.4,中国A股Wind行业指数日行情,AIndexWindIndustriesEO,Wind代码,S_INFO_WINDCODE,VARCHAR2(40),,
0.3.4,中国A股Wind行业指数日行情,AIndexWindIndustriesEO,交易日期,TRADE_DT,VARCHAR2(8),,
0.3.4,中国A股Wind行业指数日行情,AIndexWindIndustriesEO,货币代码,CRNCY_CODE,VARCHAR2(10),,
0.3.4,中国A股Wind行业指数日行情,AIndexWindIndustriesEO,昨收盘价(点),S_DQ_PRECLOSE,"NUMBER(20,4)",,
0.3.4,中国A股Wind行业指数日行情,AIndexWindIndustriesEO,开盘价(点),S_DQ_OPEN,"NUMBER(20,4)",,
0.3.4,中国A股Wind行业指数日行情,AIndexWindIndustriesEO,最高价(点),S_DQ_HIGH,"NUMBER(20,4)",,
0.3.4,中国A股Wind行业指数日行情,AIndexWindIndustriesEO,最低价(点),S_DQ_LOW,"NUMBER(20,4)",,
0.3.4,中国A股Wind行业指数日行情,AIndexWindIndustriesEO,收盘价(点),S_DQ_CLOSE,"NUMBER(20,4)",,
0.3.4,中国A股Wind行业指数日行情,AIndexWindIndustriesEO,涨跌(点),S_DQ_CHANGE,"NUMBER(20,4)",,
0.3.4,中国A股Wind行业指数日行情,AIndexWindIndustriesEO,涨跌幅(%),S_DQ_PCTCHANGE,"NUMBER(20,4)",,
0.3.4,中国A股Wind行业指数日行情,AIndexWindIndustriesEO,成交量(手),S_DQ_VOLUME,"NUMBER(20,4)",,
0.3.4,中国A股Wind行业指数日行情,AIndexWindIndustriesEO,成交金额(千元),S_DQ_AMOUNT,"NUMBER(20,4)",,
0.1.1,全球市场交易时间,GlobalMarketTradingTime,对象ID,OBJECT_ID,VARCHAR2(100),,业务主键:exchange_sname_eng+trading_hours+trading_hours_code+securities_type
0.1.1,全球市场交易时间,GlobalMarketTradingTime,交易所英文简称,EXCHANGE_SNAME_ENG,VARCHAR2(40),,
0.1.1,全球市场交易时间,GlobalMarketTradingTime,交易所中文名称,EXCHANGE_NAME,VARCHAR2(40),,
0.1.1,全球市场交易时间,GlobalMarketTradingTime,交易品种描述,SECURITIES_TYPE,VARCHAR2(1000),,平台|交易类型|交易品种大类|交易品种(期货)
0.1.1,全球市场交易时间,GlobalMarketTradingTime,交易时段编码,TRADING_HOURS_CODE,VARCHAR2(5),,
0.1.1,全球市场交易时间,GlobalMarketTradingTime,交易时段,TRADING_HOURS,VARCHAR2(500),,"|:分隔盘前中后;-:区分时间;“,”:区分时间段;T:代表跨天"
0.1.1,全球市场交易时间,GlobalMarketTradingTime,交易时段(新),TRADING_HOURS_2,VARCHAR2(1000),,"A-G代表周一-周日;[]内的1,代表主要交易时段;[]内的2,代表主要集合竞价时段;[]内的3,代表主要盘后交易时段"
0.1.1,全球市场交易时间,GlobalMarketTradingTime,交易所英文名称,EXCHANGE_ENG_NAME,VARCHAR2(200),,
0.2.2,中国A股基本资料,AShareDescription,对象ID,OBJECT_ID,VARCHAR2(100),,
0.2.2,中国A股基本资料,AShareDescription,Wind代码,S_INFO_WINDCODE,VARCHAR2(40),,"业务主键 Wind自编代码,一般为交易所公布代码+.SH(或.SZ)"
0.2.2,中国A股基本资料,AShareDescription,交易代码,S_INFO_CODE,VARCHAR2(40),,
0.2.2,中国A股基本资料,AShareDescription,证券简称,S_INFO_NAME,VARCHAR2(50),,
0.2.2,中国A股基本资料,AShareDescription,公司中文名称,S_INFO_COMPNAME,VARCHAR2(100),,
0.2.2,中国A股基本资料,AShareDescription,公司英文名称,S_INFO_COMPNAMEENG,VARCHAR2(100),,
0.2.2,中国A股基本资料,AShareDescription,ISIN代码,S_INFO_ISINCODE,VARCHAR2(40),,
0.2.2,中国A股基本资料,AShareDescription,交易所,S_INFO_EXCHMARKET,VARCHAR2(40),,SSE:上交所 SZSE:深交所
0.2.2,中国A股基本资料,AShareDescription,上市板类型,S_INFO_LISTBOARD,VARCHAR2(10),,上市板类型: 434001000:创业板 434003000:中小企业板 434004000:主板 434005000:退市整理股票 434006000:风险警示股票 434009000:科创板
0.2.2,中国A股基本资料,AShareDescription,上市日期,S_INFO_LISTDATE,VARCHAR2(8),,
0.2.2,中国A股基本资料,AShareDescription,退市日期,S_INFO_DELISTDATE,VARCHAR2(8),,
0.2.2,中国A股基本资料,AShareDescription,,S_INFO_SEDOLCODE,VARCHAR2(40),,"因授权问题,该字段已停止提供数据。"
0.2.2,中国A股基本资料,AShareDescription,货币代码,CRNCY_CODE,VARCHAR2(10),,
0.2.2,中国A股基本资料,AShareDescription,简称拼音,S_INFO_PINYIN,VARCHAR2(40),,
0.2.2,中国A股基本资料,AShareDescription,上市板,S_INFO_LISTBOARDNAME,VARCHAR2(10),,上市板包括: 主板 创业板 科创板 中小企业板
0.2.2,中国A股基本资料,AShareDescription,是否在沪股通或深港通范围内,IS_SHSC,"NUMBER(5,0)",,0:否;1:沪股通;2:深股通
0.2.2,中国A股基本资料,AShareDescription,公司ID,S_INFO_COMPCODE,VARCHAR2(100),,
0.2.3,中国A股Wind行业分类,AShareIndustriesClass,对象ID,OBJECT_ID,VARCHAR2(100),,
0.2.3,中国A股Wind行业分类,AShareIndustriesClass,Wind代码,S_INFO_WINDCODE,VARCHAR2(40),,
0.2.3,中国A股Wind行业分类,AShareIndustriesClass,Wind代码,WIND_CODE,VARCHAR2(40),,
0.2.3,中国A股Wind行业分类,AShareIndustriesClass,Wind行业代码,WIND_IND_CODE,VARCHAR2(50),,62开头 对应:行业代码表中的行业代码
0.2.3,中国A股Wind行业分类,AShareIndustriesClass,纳入日期,ENTRY_DT,VARCHAR2(8),,
0.2.3,中国A股Wind行业分类,AShareIndustriesClass,剔除日期,REMOVE_DT,VARCHAR2(8),,
0.2.3,中国A股Wind行业分类,AShareIndustriesClass,最新标志,CUR_SIGN,VARCHAR2(10),,1:是 0:否
2.1.1,中国A股盈利预测汇总,AShareConsensusData,对象ID,OBJECT_ID,VARCHAR2(100),,
2.1.1,中国A股盈利预测汇总,AShareConsensusData,Wind代码,S_INFO_WINDCODE,VARCHAR2(40),,
2.1.1,中国A股盈利预测汇总,AShareConsensusData,Wind代码,WIND_CODE,VARCHAR2(40),,
2.1.1,中国A股盈利预测汇总,AShareConsensusData,预测日期,EST_DT,VARCHAR2(8),,
2.1.1,中国A股盈利预测汇总,AShareConsensusData,预测报告期,EST_REPORT_DT,VARCHAR2(8),,
2.1.1,中国A股盈利预测汇总,AShareConsensusData,预测机构家数,NUM_EST_INST,"NUMBER(20,0)",,"取综合值周期时间范围内(30/90/180),同一报告期同一机构只取最新预测,取综合值计算标记(中国A股盈利预测明细)为1,预测机构家数求和"
2.1.1,中国A股盈利预测汇总,AShareConsensusData,每股收益平均值(元),EPS_AVG,"NUMBER(20,4)",,由NET_PROFIT_AVG(净利润平均值)/S_EST_BASESHARE(预测基准股本综合值)
2.1.1,中国A股盈利预测汇总,AShareConsensusData,主营业务收入平均值(万元),MAIN_BUS_INC_AVG,"NUMBER(20,4)",,"取综合值周期时间范围内(30/90/180),同一报告期同一机构只取最新预测主营业务收入,取综合值计算标记(中国A股盈利预测明细)为1,算数平均得到"
2.1.1,中国A股盈利预测汇总,AShareConsensusData,净利润平均值(万元),NET_PROFIT_AVG,"NUMBER(20,4)",,"取综合值周期时间范围内(30/90/180),同一报告期同一机构只取最新预测净利润EST_NET_PROFIT,若最新预测净利润为空,取预测净利润(换算)S_EST_NPCAL,取综合值计算标记(中国A股盈利预测明细)为1,算数平均得到"
2.1.1,中国A股盈利预测汇总,AShareConsensusData,息税前利润平均值(万元),EBIT_AVG,"NUMBER(20,4)",,"取综合值周期时间范围内(30/90/180),同一报告期同一机构只取最新预测息税前利润,取综合值计算标记(中国A股盈利预测明细)为1,算数平均得到"
2.1.1,中国A股盈利预测汇总,AShareConsensusData,息税折旧摊销前利润平均值(万元),EBITDA_AVG,"NUMBER(20,4)",,"取综合值周期时间范围内(30/90/180),同一报告期同一机构只取最新预测息税折旧摊销前利润,取综合值计算标记(中国A股盈利预测明细)为1,算数平均得到"
2.1.1,中国A股盈利预测汇总,AShareConsensusData,每股收益中值(元),EPS_MEDIAN,"NUMBER(20,4)",,"取综合值周期时间范围内(30/90/180),预测每股收益(摊薄)中值"
2.1.1,中国A股盈利预测汇总,AShareConsensusData,主营业务收入中值(万元),MAIN_BUS_INC_MEDIAN,"NUMBER(20,4)",,"取综合值周期时间范围内(30/90/180),预测主营业务收入中值"
2.1.1,中国A股盈利预测汇总,AShareConsensusData,净利润中值(万元),NET_PROFIT_MEDIAN,"NUMBER(20,4)",,"取综合值周期时间范围内(30/90/180),预测净利润中值"
2.1.1,中国A股盈利预测汇总,AShareConsensusData,息税前利润中值(万元),EBIT_MEDIAN,"NUMBER(20,4)",,"取综合值周期时间范围内(30/90/180),息税前利润中值"
2.1.1,中国A股盈利预测汇总,AShareConsensusData,息税折旧摊销前利润中值(万元),EBITDA_MEDIAN,"NUMBER(20,4)",,"取综合值周期时间范围内(30/90/180),息税折旧摊销前利润中值"
2.1.1,中国A股盈利预测汇总,AShareConsensusData,综合值周期类型,CONSEN_DATA_CYCLE_TYP,VARCHAR2(10),,综合值周期类型: 263001000:30天 263002000:90天 263003000:180天 263004000:大事后180天
2.1.1,中国A股盈利预测汇总,AShareConsensusData,每股收益标准差,EPS_DEV,"NUMBER(20,4)",,"取综合值周期时间范围内(30/90/180),每股收益标准差"
2.1.1,中国A股盈利预测汇总,AShareConsensusData,主营业务收入标准差(万元),MAIN_BUS_INC_DEV,"NUMBER(20,4)",,"取综合值周期时间范围内(30/90/180),主营业务收入标准差"
2.1.1,中国A股盈利预测汇总,AShareConsensusData,净利润标准差(万元),NET_PROFIT_DEV,"NUMBER(20,4)",,"取综合值周期时间范围内(30/90/180),净利润标准差"
2.1.1,中国A股盈利预测汇总,AShareConsensusData,息税前利润标准差(万元),EBIT_DEV,"NUMBER(20,4)",,"取综合值周期时间范围内(30/90/180),息税前利润标准差"
2.1.1,中国A股盈利预测汇总,AShareConsensusData,息税折旧摊销前利润标准差(万元),EBITDA_DEV,"NUMBER(20,4)",,"取综合值周期时间范围内(30/90/180),息税折旧摊销前利润标准差"
2.1.1,中国A股盈利预测汇总,AShareConsensusData,每股收益最大值,EPS_MAX,"NUMBER(20,4)",,"取综合值周期时间范围内(30/90/180),预测每股收益(摊薄)最大值"
2.1.1,中国A股盈利预测汇总,AShareConsensusData,每股收益最小值,EPS_MIN,"NUMBER(20,4)",,"取综合值周期时间范围内(30/90/180),预测每股收益(摊薄)最小值"
2.1.1,中国A股盈利预测汇总,AShareConsensusData,主营业务收入最大值(万元),MAIN_BUS_INC_MAX,"NUMBER(20,4)",,"取综合值周期时间范围内(30/90/180),预测主营业务收入最大值"
2.1.1,中国A股盈利预测汇总,AShareConsensusData,主营业务收入最小值(万元),MAIN_BUS_INC_MIN,"NUMBER(20,4)",,"取综合值周期时间范围内(30/90/180),预测主营业务收入最小值"
2.1.1,中国A股盈利预测汇总,AShareConsensusData,主营业务收入调高家数（与一个月前相比）,MAIN_BUS_INC_UPGRADE,"NUMBER(20,4)",,"取综合值周期时间范围内(30/90/180),最新预测主营业务收入对比综合值周期时间范围(30/90/180)外最新预测主营业务收入调高家数"
2.1.1,中国A股盈利预测汇总,AShareConsensusData,主营业务收入调低家数（与一个月前相比）,MAIN_BUS_INC_DOWNGRADE,"NUMBER(20,4)",,"取综合值周期时间范围内(30/90/180),最新预测主营业务收入对比综合值周期时间范围(30/90/180)外最新预测主营业务收入调低家数"
2.1.1,中国A股盈利预测汇总,AShareConsensusData,主营业务收入维持家数（与一个月前相比）,MAIN_BUS_INC_MAINTAIN,"NUMBER(20,4)",,"取综合值周期时间范围内(30/90/180),最新预测主营业务收入对比综合值周期时间范围(30/90/180)外最新预测主营业务收入维持家数"
2.1.1,中国A股盈利预测汇总,AShareConsensusData,净利润最大值（万元),NET_PROFIT_MAX,"NUMBER(20,4)",,"取综合值周期时间范围内(30/90/180),预测净利润最大值"
2.1.1,中国A股盈利预测汇总,AShareConsensusData,净利润最小值（万元),NET_PROFIT_MIN,"NUMBER(20,4)",,"取综合值周期时间范围内(30/90/180),预测净利润最小值"
2.1.1,中国A股盈利预测汇总,AShareConsensusData,净利润调高家数（与一个月前相比）,NET_PROFIT_UPGRADE,"NUMBER(20,4)",,"取综合值周期时间范围内(30/90/180),最新预测净利润,若最新预测净利润为空,取预测净利润(换算)S_EST_NPCAL,对比综合值周期时间范围(30/90/180)外最新预测净利润调高家数"
2.1.1,中国A股盈利预测汇总,AShareConsensusData,净利润调低家数（与一个月前相比）,NET_PROFIT_DOWNGRADE,"NUMBER(20,4)",,"取综合值周期时间范围内(30/90/180),最新预测净利润,若最新预测净利润为空,取预测净利润(换算)S_EST_NPCAL,对比综合值周期时间范围(30/90/180)外最新预测净利润调低家数"
2.1.1,中国A股盈利预测汇总,AShareConsensusData,净利润维持家数（与一个月前相比）,NET_PROFIT_MAINTAIN,"NUMBER(20,4)",,"取综合值周期时间范围内(30/90/180),最新预测净利润,若最新预测净利润为空,取预测净利润(换算)S_EST_NPCAL,对比综合值周期时间范围(30/90/180)外最新预测净利润维持家数"
2.1.1,中国A股盈利预测汇总,AShareConsensusData,每股现金流平均值,S_EST_AVGCPS,"NUMBER(20,4)",,
2.1.1,中国A股盈利预测汇总,AShareConsensusData,每股现金流中值,S_EST_MEDIANCPS,"NUMBER(20,4)",,"取综合值周期时间范围内(30/90/180),预测每股现金流中值"
2.1.1,中国A股盈利预测汇总,AShareConsensusData,每股现金流标准差,S_EST_STDCPS,"NUMBER(20,4)",,"取综合值周期时间范围内(30/90/180),预测每股现金流标准差"
2.1.1,中国A股盈利预测汇总,AShareConsensusData,每股现金流最大值,S_EST_MAXCPS,"NUMBER(20,4)",,"取综合值周期时间范围内(30/90/180),预测每股现金流最大值"
2.1.1,中国A股盈利预测汇总,AShareConsensusData,每股现金流最小值,S_EST_MINCPS,"NUMBER(20,4)",,"取综合值周期时间范围内(30/90/180),预测每股现金流最小值"
2.1.1,中国A股盈利预测汇总,AShareConsensusData,每股股利平均值,S_EST_AVGDPS,"NUMBER(20,4)",,
2.1.1,中国A股盈利预测汇总,AShareConsensusData,每股股利中值,S_EST_MEDIANDPS,"NUMBER(20,4)",,"取综合值周期时间范围内(30/90/180),预测每股股利中值"
2.1.1,中国A股盈利预测汇总,AShareConsensusData,每股股利标准差,S_EST_STDDPS,"NUMBER(20,4)",,"取综合值周期时间范围内(30/90/180),预测每股股利标准差"
2.1.1,中国A股盈利预测汇总,AShareConsensusData,每股股利最大值,S_EST_MAXDPS,"NUMBER(20,4)",,"取综合值周期时间范围内(30/90/180),预测每股股利最大值"
2.1.1,中国A股盈利预测汇总,AShareConsensusData,每股股利最小值,S_EST_MINDPS,"NUMBER(20,4)",,"取综合值周期时间范围内(30/90/180),预测每股股利最小值"
2.1.1,中国A股盈利预测汇总,AShareConsensusData,息税前利润最大值(万元),EBIT_MAX,"NUMBER(20,4)",,"取综合值周期时间范围内(30/90/180),预测息税前利润最大值"
2.1.1,中国A股盈利预测汇总,AShareConsensusData,息税前利润最小值(万元),EBIT_MIN,"NUMBER(20,4)",,"取综合值周期时间范围内(30/90/180),预测息税前利润最小值"
2.1.1,中国A股盈利预测汇总,AShareConsensusData,息税折旧摊销前利润最大值(万元),EBITDA_MAX,"NUMBER(20,4)",,"取综合值周期时间范围内(30/90/180),预测息税折旧摊销前利润最大值"
2.1.1,中国A股盈利预测汇总,AShareConsensusData,息税折旧摊销前利润最小值(万元),EBITDA_MIN,"NUMBER(20,4)",,"取综合值周期时间范围内(30/90/180),预测息税折旧摊销前利润最小值"
2.1.1,中国A股盈利预测汇总,AShareConsensusData,每股净资产平均值,S_EST_AVGBPS,"NUMBER(20,4)",,
2.1.1,中国A股盈利预测汇总,AShareConsensusData,每股净资产中值,S_EST_MEDIANBPS,"NUMBER(20,4)",,"取综合值周期时间范围内(30/90/180),预测每股净资产中值"
2.1.1,中国A股盈利预测汇总,AShareConsensusData,每股净资产标准差,S_EST_STDBPS,"NUMBER(20,4)",,"取综合值周期时间范围内(30/90/180),预测每股净资产标准差"
2.1.1,中国A股盈利预测汇总,AShareConsensusData,每股净资产最大值,S_EST_MAXBPS,"NUMBER(20,4)",,"取综合值周期时间范围内(30/90/180),预测每股净资产最大值"
2.1.1,中国A股盈利预测汇总,AShareConsensusData,每股净资产最小值,S_EST_MINBPS,"NUMBER(20,4)",,"取综合值周期时间范围内(30/90/180),预测每股净资产最小值"
2.1.1,中国A股盈利预测汇总,AShareConsensusData,利润总额平均值(万元),S_EST_AVGEBT,"NUMBER(20,4)",,"取综合值周期时间范围内(30/90/180),同一报告期同一机构只取最新预测利润总额,取综合值计算标记(中国A股盈利预测明细)为1,算数平均得到"
2.1.1,中国A股盈利预测汇总,AShareConsensusData,利润总额中值(万元),S_EST_MEDIANEBT,"NUMBER(20,4)",,"取综合值周期时间范围内(30/90/180),预测利润总额中值"
2.1.1,中国A股盈利预测汇总,AShareConsensusData,利润总额标准差(万元),S_EST_STDEBT,"NUMBER(20,4)",,"取综合值周期时间范围内(30/90/180),预测利润总额标准差"
2.1.1,中国A股盈利预测汇总,AShareConsensusData,利润总额最大值(万元),S_EST_MAXEBT,"NUMBER(20,4)",,"取综合值周期时间范围内(30/90/180),预测利润总额最大值"
2.1.1,中国A股盈利预测汇总,AShareConsensusData,利润总额最小值(万元),S_EST_MINEBT,"NUMBER(20,4)",,"取综合值周期时间范围内(30/90/180),预测利润总额最小值"
2.1.1,中国A股盈利预测汇总,AShareConsensusData,总资产收益率平均值（%）,S_EST_AVGROA,"NUMBER(20,4)",,"取综合值周期时间范围内(30/90/180),同一报告期同一机构只取最新预测总资产收益率,取综合值计算标记(中国A股盈利预测明细)为1,算数平均得到"
2.1.1,中国A股盈利预测汇总,AShareConsensusData,总资产收益率中值（%）,S_EST_MEDIANROA,"NUMBER(20,4)",,"取综合值周期时间范围内(30/90/180),预测总资产收益率中值"
2.1.1,中国A股盈利预测汇总,AShareConsensusData,总资产收益率标准差（%）,S_EST_STDROA,"NUMBER(20,4)",,"取综合值周期时间范围内(30/90/180),预测总资产收益率标准差"
2.1.1,中国A股盈利预测汇总,AShareConsensusData,总资产收益率最大值（%）,S_EST_MAXROA,"NUMBER(20,4)",,"取综合值周期时间范围内(30/90/180),预测总资产收益率最大值"
2.1.1,中国A股盈利预测汇总,AShareConsensusData,总资产收益率最小值（%）,S_EST_MINROA,"NUMBER(20,4)",,"取综合值周期时间范围内(30/90/180),预测总资产收益率最小值"
2.1.1,中国A股盈利预测汇总,AShareConsensusData,净资产收益率平均值（%）,S_EST_AVGROE,"NUMBER(20,4)",,"取综合值周期时间范围内(30/90/180),同一报告期同一机构只取最新预测净资产收益率,取综合值计算标记(中国A股盈利预测明细)为1,算数平均得到"
2.1.1,中国A股盈利预测汇总,AShareConsensusData,净资产收益率中值（%）,S_EST_MEDIANROE,"NUMBER(20,4)",,"取综合值周期时间范围内(30/90/180),预测净资产收益率中值"
2.1.1,中国A股盈利预测汇总,AShareConsensusData,净资产收益率标准差（%）,S_EST_STDROE,"NUMBER(20,4)",,"取综合值周期时间范围内(30/90/180),预测净资产收益率标准差"
2.1.1,中国A股盈利预测汇总,AShareConsensusData,净资产收益率最大值（%）,S_EST_MAXROE,"NUMBER(20,4)",,"取综合值周期时间范围内(30/90/180),预测净资产收益率最大值"
2.1.1,中国A股盈利预测汇总,AShareConsensusData,净资产收益率最小值（%）,S_EST_MINROE,"NUMBER(20,4)",,"取综合值周期时间范围内(30/90/180),预测净资产收益率最小值"
2.1.1,中国A股盈利预测汇总,AShareConsensusData,营业利润平均值(万元),S_EST_AVGOPERATINGPROFIT,"NUMBER(20,4)",,"取综合值周期时间范围内(30/90/180),同一报告期同一机构只取最新预测营业利润,取综合值计算标记(中国A股盈利预测明细)为1,算数平均得到"
2.1.1,中国A股盈利预测汇总,AShareConsensusData,营业利润中值(万元),S_EST_MEDIANOPERATINGPROFIT,"NUMBER(20,4)",,"取综合值周期时间范围内(30/90/180),预测营业利润中值"
2.1.1,中国A股盈利预测汇总,AShareConsensusData,营业利润标准差(万元),S_EST_STDOPERATINGPROFIT,"NUMBER(20,4)",,"取综合值周期时间范围内(30/90/180),预测营业利润标准差"
2.1.1,中国A股盈利预测汇总,AShareConsensusData,营业利润最大值(万元),S_EST_MAXOPERATINGPROFIT,"NUMBER(20,4)",,"取综合值周期时间范围内(30/90/180),预测营业利润最大值"
2.1.1,中国A股盈利预测汇总,AShareConsensusData,营业利润最小值(万元),S_EST_MINOPERATINGPROFIT,"NUMBER(20,4)",,"取综合值周期时间范围内(30/90/180),预测营业利润最小值"
2.1.1,中国A股盈利预测汇总,AShareConsensusData,每股收益预测家数,S_EST_EPSINSTNUM,"NUMBER(20,4)",,"取综合值周期时间范围内(30/90/180),给出预测每股收益(摊薄)家数"
2.1.1,中国A股盈利预测汇总,AShareConsensusData,主营业务收入预测家数,S_EST_MAINBUSINCINSTNUM,"NUMBER(20,4)",,"取综合值周期时间范围内(30/90/180),给出预测主营业务收入家数"
2.1.1,中国A股盈利预测汇总,AShareConsensusData,净利润预测家数,S_EST_NETPROFITINSTNUM,"NUMBER(20,4)",,"取综合值周期时间范围内(30/90/180),给出预测净利润家数"
2.1.1,中国A股盈利预测汇总,AShareConsensusData,每股现金流预测家数,S_EST_CPSINSTNUM,"NUMBER(20,4)",,"取综合值周期时间范围内(30/90/180),给出预测每股现金流家数"
2.1.1,中国A股盈利预测汇总,AShareConsensusData,每股股利预测家数,S_EST_DPSINSTNUM,"NUMBER(20,4)",,"取综合值周期时间范围内(30/90/180),给出预测每股股利家数"
2.1.1,中国A股盈利预测汇总,AShareConsensusData,息税前利润预测家数,S_EST_EBITINSTNUM,"NUMBER(20,4)",,"取综合值周期时间范围内(30/90/180),给出预测息税前利润家数"
2.1.1,中国A股盈利预测汇总,AShareConsensusData,息税折旧摊销前利润预测家数,S_EST_EBITDAINSTNUM,"NUMBER(20,4)",,"取综合值周期时间范围内(30/90/180),给出预测息税折旧摊销前利润家数"
2.1.1,中国A股盈利预测汇总,AShareConsensusData,每股净资产预测家数,S_EST_BPSINSTNUM,"NUMBER(20,4)",,"取综合值周期时间范围内(30/90/180),给出预测每股净资产家数"
2.1.1,中国A股盈利预测汇总,AShareConsensusData,利润总额预测家数,S_EST_EBTINSTNUM,"NUMBER(20,4)",,"取综合值周期时间范围内(30/90/180),给出预测利润总额家数"
2.1.1,中国A股盈利预测汇总,AShareConsensusData,总资产收益率预测家数,S_EST_ROAINSTNUM,"NUMBER(20,4)",,"取综合值周期时间范围内(30/90/180),给出预测总资产收益率家数"
2.1.1,中国A股盈利预测汇总,AShareConsensusData,净资产资产收益率预测家数,S_EST_ROEINSTNUM,"NUMBER(20,4)",,"取综合值周期时间范围内(30/90/180),给出预测净资产收益率家数"
2.1.1,中国A股盈利预测汇总,AShareConsensusData,营业利润预测家数,S_EST_OPROFITINSTNUM,"NUMBER(20,4)",,"取综合值周期时间范围内(30/90/180),给出预测营业利润家数"
2.1.1,中国A股盈利预测汇总,AShareConsensusData,营业成本及附加平均值(万元),S_EST_AVGOC,"NUMBER(20,4)",,"取综合值周期时间范围内(30/90/180),同一报告期同一机构只取最新预测营业成本及附加,取综合值计算标记(中国A股盈利预测明细)为1,算数平均得到"
2.1.1,中国A股盈利预测汇总,AShareConsensusData,营业成本及附加中值(万元),S_EST_MEDIAOC,"NUMBER(20,4)",,"取综合值周期时间范围内(30/90/180),预测营业成本及附加中值"
2.1.1,中国A股盈利预测汇总,AShareConsensusData,营业成本及附加标准差(万元),S_EST_STOC,"NUMBER(20,4)",,"取综合值周期时间范围内(30/90/180),预测营业成本及附加标准差"
2.1.1,中国A股盈利预测汇总,AShareConsensusData,营业成本及附加最大值(万元),S_EST_MAXOC,"NUMBER(20,4)",,"取综合值周期时间范围内(30/90/180),预测营业成本及附加最大值"
2.1.1,中国A股盈利预测汇总,AShareConsensusData,营业成本及附加最小值(万元),S_EST_MINOC,"NUMBER(20,4)",,"取综合值周期时间范围内(30/90/180),预测营业成本及附加最小值"
2.1.1,中国A股盈利预测汇总,AShareConsensusData,营业成本及附加预测家数,S_EST_OCINSTNUM,"NUMBER(20,4)",,"取综合值周期时间范围内(30/90/180),给出预测营业成本及附加家数"
2.1.1,中国A股盈利预测汇总,AShareConsensusData,预测基准股本综合值,S_EST_BASESHARE,"NUMBER(20,4)",,
2.1.1,中国A股盈利预测汇总,AShareConsensusData,预测年度类型,S_EST_YEARTYPE,VARCHAR2(20),,"以最新公布年报为基准,类型为FY0,预测下一年的类型为FY1,预测下俩年的类型"
2.2.1,中国A股盈利预测明细,AShareEarningEst,对象ID,OBJECT_ID,VARCHAR2(100),,
2.2.1,中国A股盈利预测明细,AShareEarningEst,Wind代码,S_INFO_WINDCODE,VARCHAR2(40),,
2.2.1,中国A股盈利预测明细,AShareEarningEst,Wind代码,WIND_CODE,VARCHAR2(40),,
2.2.1,中国A股盈利预测明细,AShareEarningEst,研究机构名称,RESEARCH_INST_NAME,VARCHAR2(20),,
2.2.1,中国A股盈利预测明细,AShareEarningEst,分析师名称,ANALYST_NAME,VARCHAR2(20),,
2.2.1,中国A股盈利预测明细,AShareEarningEst,预测日期,EST_DT,VARCHAR2(8),,"研究报告中公布的分析师预测日期,小于等于公告日期"
2.2.1,中国A股盈利预测明细,AShareEarningEst,预测报告期,REPORTING_PERIOD,VARCHAR2(8),,报告是对哪个年度报告期的预测
2.2.1,中国A股盈利预测明细,AShareEarningEst,预测每股收益(摊薄)(元),EST_EPS_DILUTED,"NUMBER(20,4)",,
2.2.1,中国A股盈利预测明细,AShareEarningEst,预测净利润(万元),EST_NET_PROFIT,"NUMBER(20,4)",,
2.2.1,中国A股盈利预测明细,AShareEarningEst,预测主营业务收入(万元),EST_MAIN_BUS_INC,"NUMBER(20,4)",,
2.2.1,中国A股盈利预测明细,AShareEarningEst,预测息税前利润(万元),EST_EBIT,"NUMBER(20,4)",,
2.2.1,中国A股盈利预测明细,AShareEarningEst,预测息税折旧摊销前利润(万元),EST_EBITDA,"NUMBER(20,4)",,
2.2.1,中国A股盈利预测明细,AShareEarningEst,预测基准股本(万股),EST_BASE_CAP,"NUMBER(20,4)",,
2.2.1,中国A股盈利预测明细,AShareEarningEst,公告日期(内部),ANN_DT,VARCHAR2(8),,"盈利预测信息加工发布的时间,精确确到“日”"
2.2.1,中国A股盈利预测明细,AShareEarningEst,预测每股现金流,S_EST_CPS,"NUMBER(20,4)",,
2.2.1,中国A股盈利预测明细,AShareEarningEst,预测每股股利,S_EST_DPS,"NUMBER(20,4)",,
2.2.1,中国A股盈利预测明细,AShareEarningEst,预测每股净资产,S_EST_BPS,"NUMBER(20,4)",,
2.2.1,中国A股盈利预测明细,AShareEarningEst,预测利润总额（万元）,S_EST_EBT,"NUMBER(20,4)",,
2.2.1,中国A股盈利预测明细,AShareEarningEst,预测总资产收益率,S_EST_ROA,"NUMBER(20,4)",,
2.2.1,中国A股盈利预测明细,AShareEarningEst,预测净资产收益率,S_EST_ROE,"NUMBER(20,4)",,
2.2.1,中国A股盈利预测明细,AShareEarningEst,预测营业利润(万元）,S_EST_OPROFIT,"NUMBER(20,4)",,
2.2.1,中国A股盈利预测明细,AShareEarningEst,预测每股收益(稀释)(元),S_EST_EPSDILUTED,"NUMBER(20,4)",,
2.2.1,中国A股盈利预测明细,AShareEarningEst,预测每股收益(基本)(元),S_EST_EPSBASIC,"NUMBER(20,4)",,
2.2.1,中国A股盈利预测明细,AShareEarningEst,预测营业成本及附加（万元）,S_EST_OC,"NUMBER(20,4)",,
2.2.1,中国A股盈利预测明细,AShareEarningEst,预测净利润（换算）（万元）,S_EST_NPCAL,"NUMBER(20,4)",,"Wind计算 计算方法:预测基准股本*预测每股收益(摊薄),若预测每股收益(摊薄)未公布,则等于预测净利润】"
2.2.1,中国A股盈利预测明细,AShareEarningEst,预测每股收益（换算）,S_EST_EPSCAL,"NUMBER(20,4)",,"Wind计算 计算方法:预测净利润/实际股本,若预测净利润未公布,则等于预测净利润(换算)/实际股本"
2.2.1,中国A股盈利预测明细,AShareEarningEst,预测净利润调整比率,S_EST_NPRATE,"NUMBER(20,4)",,与库中同一券商前次报告中净利润比较 (本次净利润-前次净利润)/前次净利润
2.2.1,中国A股盈利预测明细,AShareEarningEst,预测EPS调整比率,S_EST_EPSRATE,"NUMBER(20,4)",,与库中同一券商前次报告中EPS比较 (本次EPS-前次EPS)/前次EPS
2.2.1,中国A股盈利预测明细,AShareEarningEst,预测市盈率,S_EST_PE,"NUMBER(20,4)",,
2.2.1,中国A股盈利预测明细,AShareEarningEst,预测市净率,S_EST_PB,"NUMBER(20,4)",,
2.2.1,中国A股盈利预测明细,AShareEarningEst,预测EV/EBITDA,S_EST_EVEBITDA,"NUMBER(20,4)",,
2.2.1,中国A股盈利预测明细,AShareEarningEst,预测股息率,S_EST_DIVIDENDYIELD,"NUMBER(20,4)",,
2.2.1,中国A股盈利预测明细,AShareEarningEst,预测有效截止,S_EST_ENDDATE,VARCHAR2(8),,预测日期往后推6个月(180天)
2.2.1,中国A股盈利预测明细,AShareEarningEst,预测主营业务利润率,S_EST_OPE,"NUMBER(10,4)",,
2.2.1,中国A股盈利预测明细,AShareEarningEst,分析师id,ANALYST_ID,VARCHAR2(200),,
2.2.1,中国A股盈利预测明细,AShareEarningEst,收录时间,COLLECT_TIME,DATE,,"研报到达wind平台的时间,精确到秒"
2.2.1,中国A股盈利预测明细,AShareEarningEst,首次入库时间,FIRST_OPTIME,DATE,,"盈利预测信息加工发布的时间,精确到秒"
2.2.1,中国A股盈利预测明细,AShareEarningEst,报告类型,REPORT_TYPECODE,"NUMBER(9,0)",,
2.2.1,中国A股盈利预测明细,AShareEarningEst,报告标题,REPORT_NAME,VARCHAR2(1024),,
2.2.1,中国A股盈利预测明细,AShareEarningEst,报告摘要,REPORT_SUMMARY,CLOB,,
2.2.1,中国A股盈利预测明细,AShareEarningEst,预测基准股本差异原因代码,EST_BASE_CAP_DIF_CODE,"NUMBER(9,0)",,"262001000 无差异,合理误差 262003000 送股 262004000 配股 262005000 增发,债转股,资产注入,新股发行 262006000 回购,缩股,股权激励 262007000 其他"
2.2.1,中国A股盈利预测明细,AShareEarningEst,综合值计算标记,S_EST_VALUE_CALCULATION,"NUMBER(5,0)",,1 参与综合值计算 0 不参与综合值计算
3.1.1,中国共同基金基本资料,ChinaMutualFundDescription,对象ID,OBJECT_ID,VARCHAR2(100),,
3.1.1,中国共同基金基本资料,ChinaMutualFundDescription,Wind代码,F_INFO_WINDCODE,VARCHAR2(40),,
3.1.1,中国共同基金基本资料,ChinaMutualFundDescription,前端代码,F_INFO_FRONT_CODE,VARCHAR2(40),,
3.1.1,中国共同基金基本资料,ChinaMutualFundDescription,后端代码,F_INFO_BACKEND_CODE,VARCHAR2(40),,
3.1.1,中国共同基金基本资料,ChinaMutualFundDescription,名称,F_INFO_FULLNAME,VARCHAR2(100),,
3.1.1,中国共同基金基本资料,ChinaMutualFundDescription,简称,F_INFO_NAME,VARCHAR2(100),,
3.1.1,中国共同基金基本资料,ChinaMutualFundDescription,管理人,F_INFO_CORP_FUNDMANAGEMENTCOMP,VARCHAR2(100),,
3.1.1,中国共同基金基本资料,ChinaMutualFundDescription,托管人,F_INFO_CUSTODIANBANK,VARCHAR2(100),,
3.1.1,中国共同基金基本资料,ChinaMutualFundDescription,投资类型,F_INFO_FIRSTINVESTTYPE,VARCHAR2(40),,"金融终端基金指标-投资类型,请参考:ChinaMutualFundSector(中国Wind基金分类)"
3.1.1,中国共同基金基本资料,ChinaMutualFundDescription,成立日期,F_INFO_SETUPDATE,VARCHAR2(8),,
3.1.1,中国共同基金基本资料,ChinaMutualFundDescription,到期日期,F_INFO_MATURITYDATE,VARCHAR2(8),,
3.1.1,中国共同基金基本资料,ChinaMutualFundDescription,发行份额,F_ISSUE_TOTALUNIT,"NUMBER(20,4)",,单位:亿份
3.1.1,中国共同基金基本资料,ChinaMutualFundDescription,管理费,F_INFO_MANAGEMENTFEERATIO,"NUMBER(20,4)",,%
3.1.1,中国共同基金基本资料,ChinaMutualFundDescription,托管费,F_INFO_CUSTODIANFEERATIO,"NUMBER(20,4)",,%
3.1.1,中国共同基金基本资料,ChinaMutualFundDescription,货币代码,CRNY_CODE,VARCHAR2(10),,见附件
3.1.1,中国共同基金基本资料,ChinaMutualFundDescription,存续期,F_INFO_PTMYEAR,"NUMBER(20,4)",,
3.1.1,中国共同基金基本资料,ChinaMutualFundDescription,机构投资者认购起始日,F_ISSUE_OEF_STARTDATEINST,VARCHAR2(8),,
3.1.1,中国共同基金基本资料,ChinaMutualFundDescription,机构投资者认购终止日,F_ISSUE_OEF_DNDDATEINST,VARCHAR2(8),,
3.1.1,中国共同基金基本资料,ChinaMutualFundDescription,面值,F_INFO_PARVALUE,"NUMBER(20,4)",,
3.1.1,中国共同基金基本资料,ChinaMutualFundDescription,信托类别,F_INFO_TRUSTTYPE,VARCHAR2(40),,
3.1.1,中国共同基金基本资料,ChinaMutualFundDescription,受托人,F_INFO_TRUSTEE,VARCHAR2(100),,
3.1.1,中国共同基金基本资料,ChinaMutualFundDescription,日常申购起始日,F_PCHREDM_PCHSTARTDATE,VARCHAR2(8),,
3.1.1,中国共同基金基本资料,ChinaMutualFundDescription,日常赎回起始日,F_INFO_REDMSTARTDATE,VARCHAR2(8),,
3.1.1,中国共同基金基本资料,ChinaMutualFundDescription,起点金额,F_INFO_MINBUYAMOUNT,"NUMBER(20,4)",,万元
3.1.1,中国共同基金基本资料,ChinaMutualFundDescription,预期收益率,F_INFO_EXPECTEDRATEOFRETURN,"NUMBER(20,4)",,
3.1.1,中国共同基金基本资料,ChinaMutualFundDescription,发行地,F_INFO_ISSUINGPLACE,VARCHAR2(100),,
3.1.1,中国共同基金基本资料,ChinaMutualFundDescription,业绩比较基准,F_INFO_BENCHMARK,VARCHAR2(500),,
3.1.1,中国共同基金基本资料,ChinaMutualFundDescription,存续状态,F_INFO_STATUS,"NUMBER(9,0)",,'101001000' 已上市; '101002000' 摘牌; '101003000' 发行
3.1.1,中国共同基金基本资料,ChinaMutualFundDescription,限定类型,F_INFO_RESTRICTEDORNOT,VARCHAR2(20),,
3.1.1,中国共同基金基本资料,ChinaMutualFundDescription,是否结构化产品,F_INFO_STRUCTUREDORNOT,"NUMBER(1,0)",,
3.1.1,中国共同基金基本资料,ChinaMutualFundDescription,交易所,F_INFO_EXCHMARKET,VARCHAR2(10),,SSE:上交所 SZSE:深交所
3.1.1,中国共同基金基本资料,ChinaMutualFundDescription,投资风格,F_INFO_FIRSTINVESTSTYLE,VARCHAR2(20),,
3.1.1,中国共同基金基本资料,ChinaMutualFundDescription,发行日期,F_INFO_ISSUEDATE,VARCHAR2(8),,
3.1.1,中国共同基金基本资料,ChinaMutualFundDescription,基金类型,F_INFO_TYPE,VARCHAR2(20),,
3.1.1,中国共同基金基本资料,ChinaMutualFundDescription,是否为初始基金,F_INFO_ISINITIAL,"NUMBER(5,0)",,
3.1.1,中国共同基金基本资料,ChinaMutualFundDescription,简称拼音,F_INFO_PINYIN,VARCHAR2(40),,
3.1.1,中国共同基金基本资料,ChinaMutualFundDescription,投资范围,F_INFO_INVESTSCOPE,VARCHAR2(2000),,
3.1.1,中国共同基金基本资料,ChinaMutualFundDescription,投资目标,F_INFO_INVESTOBJECT,VARCHAR2(500),,
3.1.1,中国共同基金基本资料,ChinaMutualFundDescription,投资理念,F_INFO_INVESTCONCEPTION,VARCHAR2(2000),,
3.1.1,中国共同基金基本资料,ChinaMutualFundDescription,决策依据,F_INFO_DECISION_BASIS,VARCHAR2(2000),,
3.1.1,中国共同基金基本资料,ChinaMutualFundDescription,是否指数基金,IS_INDEXFUND,"NUMBER(5,0)",,0:否 1:是
3.1.1,中国共同基金基本资料,ChinaMutualFundDescription,退市日期,F_INFO_DELISTDATE,VARCHAR2(8),,
3.1.1,中国共同基金基本资料,ChinaMutualFundDescription,基金管理人ID,F_INFO_CORP_FUNDMANAGEMENTID,VARCHAR2(10),,
3.1.1,中国共同基金基本资料,ChinaMutualFundDescription,托管人id,F_INFO_CUSTODIANBANKID,VARCHAR2(40),,
3.1.1,中国共同基金基本资料,ChinaMutualFundDescription,单一投资者持有份额上限(亿份),MAX_NUM_HOLDER,"NUMBER(20,4)",,
3.1.1,中国共同基金基本资料,ChinaMutualFundDescription,封闭期目标募集数量上限(亿份),MAX_NUM_COLTARGET,"NUMBER(20,4)",,
3.1.1,中国共同基金基本资料,ChinaMutualFundDescription,投资策略,INVESTSTRATEGY,VARCHAR2(4000),,
3.1.1,中国共同基金基本资料,ChinaMutualFundDescription,基金风险收益特征,RISK_RETURN,VARCHAR2(4000),,
3.1.1,中国共同基金基本资料,ChinaMutualFundDescription,每次最低申购金额(场外)(万元),F_PCHREDM_PCHMINAMT,"NUMBER(20,4)",,加工场外最低申购金额 (20160517之前加工口径 为场内场外较低值)
3.1.1,中国共同基金基本资料,ChinaMutualFundDescription,每次最低申购金额(场内) (万元),F_PCHREDM_PCHMINAMT_EX,"NUMBER(20,4)",,加工场内最低申购金额
3.1.1,中国共同基金基本资料,ChinaMutualFundDescription,上市时间,F_INFO_LISTDATE,VARCHAR2(8),,
3.1.1,中国共同基金基本资料,ChinaMutualFundDescription,公告日期,F_INFO_ANNDATE,VARCHAR2(8),,
3.1.1,中国共同基金基本资料,ChinaMutualFundDescription,封闭运作期,F_CLOSED_OPERATION_PERIOD,"NUMBER(20,4)",,
3.1.1,中国共同基金基本资料,ChinaMutualFundDescription,封闭运作期满开放日间隔,F_CLOSED_OPERATION_INTERVAL,"NUMBER(20,4)",,
3.1.1,中国共同基金基本资料,ChinaMutualFundDescription,基金注册与过户登记人ID,F_INFO_REGISTRANT,VARCHAR2(10),,
3.1.1,中国共同基金基本资料,ChinaMutualFundDescription,个人投资者认购起始日,F_PERSONAL_STARTDATEIND,VARCHAR2(8),,
3.1.1,中国共同基金基本资料,ChinaMutualFundDescription,个人投资者认购终止日,F_PERSONAL_ENDDATEIND,VARCHAR2(8),,
3.1.1,中国共同基金基本资料,ChinaMutualFundDescription,基金品种ID,F_INFO_FUND_ID,VARCHAR2(100),,
3.1.1,中国共同基金基本资料,ChinaMutualFundDescription,销售服务费率,F_SALES_SERVICE_RATE,"NUMBER(20,4)",,
3.1.1,中国共同基金基本资料,ChinaMutualFundDescription,投资区域,F_INVESTMENT_AREA,VARCHAR2(20),,
3.2.2,中国共同基金净值,ChinaMutualFundNAV,对象ID,OBJECT_ID,VARCHAR2(100),,
3.2.2,中国共同基金净值,ChinaMutualFundNAV,Wind代码,F_INFO_WINDCODE,VARCHAR2(40),,
3.2.2,中国共同基金净值,ChinaMutualFundNAV,公告日期,ANN_DATE,VARCHAR2(8),,"如遇法定节假日,此字段存在为空的情况"
3.2.2,中国共同基金净值,ChinaMutualFundNAV,截止日期,PRICE_DATE,VARCHAR2(8),,
3.2.2,中国共同基金净值,ChinaMutualFundNAV,单位净值,F_NAV_UNIT,"NUMBER(24,8)",,
3.2.2,中国共同基金净值,ChinaMutualFundNAV,累计净值,F_NAV_ACCUMULATED,"NUMBER(24,8)",,
3.2.2,中国共同基金净值,ChinaMutualFundNAV,累计分红(废弃),F_NAV_DIVACCUMULATED,"NUMBER(20,4)",,
3.2.2,中国共同基金净值,ChinaMutualFundNAV,复权因子,F_NAV_ADJFACTOR,"NUMBER(24,8)",,
3.2.2,中国共同基金净值,ChinaMutualFundNAV,货币代码,CRNCY_CODE,VARCHAR2(10),,
3.2.2,中国共同基金净值,ChinaMutualFundNAV,资产净值,F_PRT_NETASSET,"NUMBER(20,4)",,
3.2.2,中国共同基金净值,ChinaMutualFundNAV,是否合计数据,F_ASSET_MERGEDSHARESORNOT,"NUMBER(1,0)",,
3.2.2,中国共同基金净值,ChinaMutualFundNAV,合计资产净值,NETASSET_TOTAL,"NUMBER(20,4)",,
3.2.2,中国共同基金净值,ChinaMutualFundNAV,复权单位净值,F_NAV_ADJUSTED,"NUMBER(22,8)",,
3.2.2,中国共同基金净值,ChinaMutualFundNAV,是否净值除权日,IS_EXDIVIDENDDATE,"NUMBER(5,0)",,
3.2.2,中国共同基金净值,ChinaMutualFundNAV,累计单位分配,F_NAV_DISTRIBUTION,"NUMBER(20,4)",,
3.2.3,中国共同基金净值表现(报告期),ChinaMutualFundRepNAVPer,对象ID,OBJECT_ID,VARCHAR2(100),,
3.2.3,中国共同基金净值表现(报告期),ChinaMutualFundRepNAVPer,Wind代码,S_INFO_WINDCODE,VARCHAR2(40),,
3.2.3,中国共同基金净值表现(报告期),ChinaMutualFundRepNAVPer,公告日期,ANN_DATE,VARCHAR2(8),,
3.2.3,中国共同基金净值表现(报告期),ChinaMutualFundRepNAVPer,报告期,F_INFO_REPORTPERIOD,VARCHAR2(8),,
3.2.3,中国共同基金净值表现(报告期),ChinaMutualFundRepNAVPer,期间代码,PERIOD_CODE,VARCHAR2(10),,0:自成立至今 1:过去1个月 3:过去3个月 6:过去6个月 12:过去1年 24:过去2年 36:过去3年 60:过去5年 61:第一个保本周期 62:第二个保本周期 63:自第三个保本周期至今
3.2.3,中国共同基金净值表现(报告期),ChinaMutualFundRepNAVPer,净值增长率,F_NAV_RETURN,"NUMBER(20,4)",,
3.2.3,中国共同基金净值表现(报告期),ChinaMutualFundRepNAVPer,净值增长率标准差,F_NAV_STDDEVRETURN,"NUMBER(20,4)",,
3.2.3,中国共同基金净值表现(报告期),ChinaMutualFundRepNAVPer,业绩比较基准收益率,F_NAV_BENCHRETURN,"NUMBER(20,4)",,
3.2.3,中国共同基金净值表现(报告期),ChinaMutualFundRepNAVPer,业绩比较基准收益率标准差,F_NAV_BENCHSTDDEV,"NUMBER(20,4)",,
3.2.3,中国共同基金净值表现(报告期),ChinaMutualFundRepNAVPer,净值增长率减基准收益率,F_NAV_BENCHDEVRETURN,"NUMBER(20,4)",,
3.2.3,中国共同基金净值表现(报告期),ChinaMutualFundRepNAVPer,净值增长率标准差减基准收益率标准差,F_NAV_STDDEVNAVBENCH,"NUMBER(20,4)",,
3.2.5,中国共同基金席位交易量及佣金,ChinaMutualFundSeatTrading,对象ID,OBJECT_ID,VARCHAR2(100),,
3.2.5,中国共同基金席位交易量及佣金,ChinaMutualFundSeatTrading,Wind代码,S_INFO_WINDCODE,VARCHAR2(40),,
3.2.5,中国共同基金席位交易量及佣金,ChinaMutualFundSeatTrading,截止日期,F_PRT_ENDDATE,VARCHAR2(8),,
3.2.5,中国共同基金席位交易量及佣金,ChinaMutualFundSeatTrading,货币代码,CRNCY_CODE,VARCHAR2(10),,
3.2.5,中国共同基金席位交易量及佣金,ChinaMutualFundSeatTrading,资产总值(元),F_PRT_TOTALASSET,"NUMBER(20,4)",,
3.2.5,中国共同基金席位交易量及佣金,ChinaMutualFundSeatTrading,资产净值(元),F_PRT_NETASSET,"NUMBER(20,4)",,
3.2.5,中国共同基金席位交易量及佣金,ChinaMutualFundSeatTrading,持有股票市值(元),F_PRT_STOCKVALUE,"NUMBER(20,4)",,
3.2.5,中国共同基金席位交易量及佣金,ChinaMutualFundSeatTrading,持有股票市值占资产净值比例(%),F_PRT_STOCKTONAV,"NUMBER(20,4)",,
3.2.5,中国共同基金席位交易量及佣金,ChinaMutualFundSeatTrading,指数投资持有股票市值(元),F_PRT_PASVSTKVALUE,"NUMBER(15,2)",,
3.2.5,中国共同基金席位交易量及佣金,ChinaMutualFundSeatTrading,指数投资持有股票市值占资产净值比例(%),F_PRT_PASVSTKTONAV,"NUMBER(20,4)",,
3.2.5,中国共同基金席位交易量及佣金,ChinaMutualFundSeatTrading,积极投资持有股票市值(元),F_PRT_POSVSTKVALUE,"NUMBER(20,4)",,
3.2.5,中国共同基金席位交易量及佣金,ChinaMutualFundSeatTrading,积极投资持有股票市值占资产净值比例(%),F_PRT_POSVSTKTONAV,"NUMBER(20,4)",,
3.2.5,中国共同基金席位交易量及佣金,ChinaMutualFundSeatTrading,持有国债市值(元),F_PRT_GOVBOND,"NUMBER(20,4)",,
3.2.5,中国共同基金席位交易量及佣金,ChinaMutualFundSeatTrading,持有国债市值占资产净值比例(%),F_PRT_GOVBONDTONAV,"NUMBER(20,4)",,
3.2.5,中国共同基金席位交易量及佣金,ChinaMutualFundSeatTrading,持有现金(元),F_PRT_CASH,"NUMBER(20,4)",,
3.2.5,中国共同基金席位交易量及佣金,ChinaMutualFundSeatTrading,持有现金占资产净值比例(%),F_PRT_CASHTONAV,"NUMBER(20,4)",,
3.2.5,中国共同基金席位交易量及佣金,ChinaMutualFundSeatTrading,持有国债及现金总值(元),F_PRT_GOVCASHVALUE,"NUMBER(20,4)",,
3.2.5,中国共同基金席位交易量及佣金,ChinaMutualFundSeatTrading,持有国债及现金占资产净值比例(%),F_PRT_GOVCASHTONAV,"NUMBER(20,4)",,
3.2.5,中国共同基金席位交易量及佣金,ChinaMutualFundSeatTrading,持有债券市值(不含国债)(元),F_PRT_BDVALUE_NOGOV,"NUMBER(20,4)",,
3.2.5,中国共同基金席位交易量及佣金,ChinaMutualFundSeatTrading,持有债券市值(不含国债)占资产净值比例(%),F_PRT_BDTONAV_NOGOV,"NUMBER(20,4)",,
3.2.5,中国共同基金席位交易量及佣金,ChinaMutualFundSeatTrading,持有金融债市值(元),F_PRT_FINANBOND,"NUMBER(20,4)",,
3.2.5,中国共同基金席位交易量及佣金,ChinaMutualFundSeatTrading,持有金融债市值占资产净值比例(%),F_PRT_FINANBONDTONAV,"NUMBER(20,4)",,
3.2.5,中国共同基金席位交易量及佣金,ChinaMutualFundSeatTrading,持有可转债市值(元),F_PRT_COVERTBOND,"NUMBER(15,2)",,
3.2.5,中国共同基金席位交易量及佣金,ChinaMutualFundSeatTrading,持有可转债市值占资产净值比例(%),F_PRT_COVERTBONDTONAV,"NUMBER(20,4)",,
3.2.5,中国共同基金席位交易量及佣金,ChinaMutualFundSeatTrading,持有企债市值(元),F_PRT_CORPBOND,"NUMBER(20,4)",,
3.2.5,中国共同基金席位交易量及佣金,ChinaMutualFundSeatTrading,持有企债市值占资产净值比例(%),F_PRT_CORPBONDTONAV,"NUMBER(20,4)",,
3.2.5,中国共同基金席位交易量及佣金,ChinaMutualFundSeatTrading,持有债券市值总计(元),F_PRT_BONDVALUE,"NUMBER(20,4)",,
3.2.5,中国共同基金席位交易量及佣金,ChinaMutualFundSeatTrading,持有债券市值总计占资产净值比例(%),F_PRT_BONDTONAV,"NUMBER(20,4)",,
3.2.5,中国共同基金席位交易量及佣金,ChinaMutualFundSeatTrading,持有央行票据市值(元),F_PRT_CTRBANKBILL,"NUMBER(20,4)",,
3.2.5,中国共同基金席位交易量及佣金,ChinaMutualFundSeatTrading,持有央行票据市值占资产净值比例(%),F_PRT_CTRBANKBILLTONAV,"NUMBER(20,4)",,
3.2.5,中国共同基金席位交易量及佣金,ChinaMutualFundSeatTrading,持有权证市值(元),F_PRT_WARRANTVALUE,"NUMBER(20,4)",,
3.2.5,中国共同基金席位交易量及佣金,ChinaMutualFundSeatTrading,持有权证市值占资产净值比例(%),F_PRT_WARRANTONAV,"NUMBER(20,4)",,
3.2.5,中国共同基金席位交易量及佣金,ChinaMutualFundSeatTrading,持有资产支持证券市值(元),F_PRT_ABSVALUE,"NUMBER(20,4)",,
3.2.5,中国共同基金席位交易量及佣金,ChinaMutualFundSeatTrading,持有资产支持证券占资产净值比例(%),F_PRT_ABSVALUETONAV,"NUMBER(20,4)",,
3.2.5,中国共同基金席位交易量及佣金,ChinaMutualFundSeatTrading,持有政策性金融债市值(元),F_PRT_POLIFINANBDVALUE,"NUMBER(20,4)",,
3.2.5,中国共同基金席位交易量及佣金,ChinaMutualFundSeatTrading,持有政策性金融债市值占资产净值比例(%),F_PRT_POLIFINANBDTONAV,"NUMBER(20,4)",,
3.2.5,中国共同基金席位交易量及佣金,ChinaMutualFundSeatTrading,持有基金市值(元),F_PRT_FUNDVALUE,"NUMBER(20,4)",,
3.2.5,中国共同基金席位交易量及佣金,ChinaMutualFundSeatTrading,持有基金市值占资产净值比例(%),F_PRT_FUNDTONAV,"NUMBER(20,4)",,
3.2.5,中国共同基金席位交易量及佣金,ChinaMutualFundSeatTrading,持有货币市场工具市值(元),F_PRT_MMVALUE,"NUMBER(20,4)",,
3.2.5,中国共同基金席位交易量及佣金,ChinaMutualFundSeatTrading,持有货币市场工具市值占资产净值比例(%),F_PRT_MMTONAV,"NUMBER(20,4)",,
3.2.5,中国共同基金席位交易量及佣金,ChinaMutualFundSeatTrading,持有其他资产(元),F_PRT_OTHER,"NUMBER(20,4)",,
3.2.5,中国共同基金席位交易量及佣金,ChinaMutualFundSeatTrading,持有其他资产占资产净值比例(%),F_PRT_OTHERTONAV,"NUMBER(20,4)",,
3.2.5,中国共同基金席位交易量及佣金,ChinaMutualFundSeatTrading,借贷方差额(元),F_PRT_DEBCREBALANCE,"NUMBER(20,4)",,
3.2.5,中国共同基金席位交易量及佣金,ChinaMutualFundSeatTrading,投资组合平均剩余期限(天),F_MMF_AVGPTM,"NUMBER(20,4)",,
3.2.5,中国共同基金席位交易量及佣金,ChinaMutualFundSeatTrading,买入返售证券(元),F_MMF_REVERSEREPO,"NUMBER(20,4)",,
3.2.5,中国共同基金席位交易量及佣金,ChinaMutualFundSeatTrading,卖出回购证券(元),F_MMF_REPO,"NUMBER(20,4)",,
3.2.5,中国共同基金席位交易量及佣金,ChinaMutualFundSeatTrading,持有股票市值占资产总值比例(%),F_PRT_STOCKTOTOT,"NUMBER(20,4)",,
3.2.5,中国共同基金席位交易量及佣金,ChinaMutualFundSeatTrading,持有债券市值占资产总值比例(%),F_PRT_BONDTOTOT,"NUMBER(20,4)",,
3.2.5,中国共同基金席位交易量及佣金,ChinaMutualFundSeatTrading,持有现金占资产总值比例(%),F_PRT_CASHTOTOT,"NUMBER(20,4)",,
3.2.5,中国共同基金席位交易量及佣金,ChinaMutualFundSeatTrading,持有其他资产占资产总值比例(%),F_PRT_OTHERTOTOT,"NUMBER(20,4)",,
3.2.5,中国共同基金席位交易量及佣金,ChinaMutualFundSeatTrading,持有权证市值占资产总值比例(%),F_PRT_WARRANTOTOT,"NUMBER(20,4)",,
3.2.5,中国共同基金席位交易量及佣金,ChinaMutualFundSeatTrading,持有基金市值占资产总值比例(%),F_PRT_FUNDTOTOT,"NUMBER(20,4)",,
3.2.5,中国共同基金席位交易量及佣金,ChinaMutualFundSeatTrading,持有货币市场工具市值占资产总值比例(%),F_PRT_MMTOTOT,"NUMBER(20,4)",,
3.2.5,中国共同基金席位交易量及佣金,ChinaMutualFundSeatTrading,持有股票比例较上期变化(%),F_PRT_STOCKTONAVCHANGE,"NUMBER(20,4)",,
3.2.5,中国共同基金席位交易量及佣金,ChinaMutualFundSeatTrading,持有债券比例较上期变化(%),F_PRT_BONDTONAVCHANGE,"NUMBER(20,4)",,
3.2.5,中国共同基金席位交易量及佣金,ChinaMutualFundSeatTrading,持有现金比例较上期变化(%),F_PRT_CASHTONAVCHANGE,"NUMBER(20,4)",,
3.2.5,中国共同基金席位交易量及佣金,ChinaMutualFundSeatTrading,持有其他资产比例较上期变化(%),F_PRT_OTHERTOTOTCHANGE,"NUMBER(20,4)",,
3.2.5,中国共同基金席位交易量及佣金,ChinaMutualFundSeatTrading,持有短期融资券市值(元),F_PRT_CPVALUE,"NUMBER(20,4)",,
3.2.5,中国共同基金席位交易量及佣金,ChinaMutualFundSeatTrading,持有中期票据市值(元),F_PRT_MTNVALUE,"NUMBER(20,4)",,
3.2.5,中国共同基金席位交易量及佣金,ChinaMutualFundSeatTrading,持有同业存单市值(元),F_PRT_CDS,"NUMBER(20,4)",,
3.2.5,中国共同基金席位交易量及佣金,ChinaMutualFundSeatTrading,港股通投资港股市值,F_PRT_HKSTOCKVALUE,"NUMBER(20,4)",,
3.2.5,中国共同基金席位交易量及佣金,ChinaMutualFundSeatTrading,港股通投资港股市值占资产净值比,F_PRT_HKSTOCKTONAV,"NUMBER(20,4)",,
3.2.5,中国共同基金席位交易量及佣金,ChinaMutualFundSeatTrading,公告日期,F_ANN_DATE,VARCHAR2(8),,
3.2.5,中国共同基金席位交易量及佣金,ChinaMutualFundSeatTrading,持有买入返售证券占资产总值比例(%),F_PRT_REVERSEREPOTOTOT,"NUMBER(20,4)",,
3.2.5,中国共同基金席位交易量及佣金,ChinaMutualFundSeatTrading,持有买入返售证券占资产净值比例(%),F_PRT_REVERSEREPOTONAV,"NUMBER(20,4)",,
3.2.7,中国共同基金投资组合――持股明细,ChinaMutualFundStockPortfolio,对象ID,OBJECT_ID,VARCHAR2(100),,
3.2.7,中国共同基金投资组合――持股明细,ChinaMutualFundStockPortfolio,基金Wind代码,S_INFO_WINDCODE,VARCHAR2(40),,
3.2.7,中国共同基金投资组合――持股明细,ChinaMutualFundStockPortfolio,截止日期,F_PRT_ENDDATE,VARCHAR2(8),,
3.2.7,中国共同基金投资组合――持股明细,ChinaMutualFundStockPortfolio,货币代码,CRNCY_CODE,VARCHAR2(10),,
3.2.7,中国共同基金投资组合――持股明细,ChinaMutualFundStockPortfolio,持有股票Wind代码,S_INFO_STOCKWINDCODE,VARCHAR2(10),,
3.2.7,中国共同基金投资组合――持股明细,ChinaMutualFundStockPortfolio,持有股票市值(元),F_PRT_STKVALUE,"NUMBER(20,4)",,
3.2.7,中国共同基金投资组合――持股明细,ChinaMutualFundStockPortfolio,持有股票数量（股）,F_PRT_STKQUANTITY,"NUMBER(20,4)",,
3.2.7,中国共同基金投资组合――持股明细,ChinaMutualFundStockPortfolio,持有股票市值占基金净值比例(%),F_PRT_STKVALUETONAV,"NUMBER(20,4)",,
3.2.7,中国共同基金投资组合――持股明细,ChinaMutualFundStockPortfolio,积极投资持有股票市值(元),F_PRT_POSSTKVALUE,"NUMBER(20,4)",,
3.2.7,中国共同基金投资组合――持股明细,ChinaMutualFundStockPortfolio,积极投资持有股数（股）,F_PRT_POSSTKQUANTITY,"NUMBER(20,4)",,
3.2.7,中国共同基金投资组合――持股明细,ChinaMutualFundStockPortfolio,积极投资持有股票市值占净资产比例(%),F_PRT_POSSTKTONAV,"NUMBER(20,4)",,
3.2.7,中国共同基金投资组合――持股明细,ChinaMutualFundStockPortfolio,指数投资持有股票市值(元),F_PRT_PASSTKEVALUE,"NUMBER(20,4)",,
3.2.7,中国共同基金投资组合――持股明细,ChinaMutualFundStockPortfolio,指数投资持有股数（股）,F_PRT_PASSTKQUANTITY,"NUMBER(20,4)",,
3.2.7,中国共同基金投资组合――持股明细,ChinaMutualFundStockPortfolio,指数投资持有股票市值占净资产比例(%),F_PRT_PASSTKTONAV,"NUMBER(20,4)",,
3.2.7,中国共同基金投资组合――持股明细,ChinaMutualFundStockPortfolio,公告日期,ANN_DATE,VARCHAR2(8),,
3.2.7,中国共同基金投资组合――持股明细,ChinaMutualFundStockPortfolio,占股票市值比,STOCK_PER,"NUMBER(20,2)",,
3.2.7,中国共同基金投资组合――持股明细,ChinaMutualFundStockPortfolio,占流通股本比例(%),FLOAT_SHR_PER,"NUMBER(24,4)",,只适用于A股
