,Name,Name_base,cash-ps_g,code,code_base,delu_eps_g,e_FY1,e_g,earnings_g,equity_g,last_Price,mainProfit_profit_pct,main_product,para_base_perShare,price_base_perShare,price_vs_base,r_g,temp_Score,total_MV,total_shares,w_industry_1,w_industry_2,w_industry_3,w_industry_4
427,联创互联,分众传媒,225.59,300343.SZ,002027.SZ,68.75,0.8956,88.3467,160,258.261,26.2916,84.7607,ZLC-1001 家电专用系列、ZLC-1002热水器专用系列、ZLC-1003管道专用系列、ZLC-1004浇铸系列、ZLC-1005仿木系列、ZLC-1006喷涂系列、ZLC-1007板材系列、ZLC-2000汽车、家具系列、ZLC-SPU聚脲喷涂系列,0.029783838,41.68527646,0.6307167,4.8452,144178.1952,32.89867908,1.2513,可选消费,媒体Ⅱ,媒体Ⅲ,广告
1401,鹿港文化,桐昆股份,-53.262,601599.SH,601233.SH,-14.2857,1.316,93.7296,,-0.0083,12.1975,77.5808,半精纺纱、精纺面料、精纺纱线,0.220284227,7.308015017,1.669057873,4.7011,46861.2011,46.58835125,3.8195,材料,材料Ⅱ,化工,化纤
43,当代东方,万达电影,-2576.7327,000673.SZ,002739.SZ,725.3333,2.3125,2846.2082,2203,18930.0816,17.4561,90.6359,广告制作、会议及展览服务,0.190503258,68.29358609,0.255603798,1134.8895,180000,68.61643788,3.9308,可选消费,媒体Ⅱ,媒体Ⅲ,电影与娱乐
2,当代明诚,万达电影,-692.0354,600136.SH,002739.SZ,20809.0909,1.5569,4314.4374,63168.6,530.6194,31.18,76.0981,道博武汉健坤物业物业出租和管理、磷矿石贸易、学生公寓物管和租赁、影视产品制作销售,0.128257091,110.1902162,0.282965231,270.423,180000,51.141436,1.6402,可选消费,媒体Ⅱ,媒体Ⅲ,电影与娱乐
701,唐德影视,万达电影,-65.48,300426.SZ,002739.SZ,26.6667,1.1167,309.6372,408.04,141.8615,32.7051,92.3052,电视剧作品以及衍生产品、电影作品以及衍生产品,0.091993508,81.02063777,0.403663818,190.0591,180000,52.32816,1.6,可选消费,媒体Ⅱ,媒体Ⅲ,电影与娱乐
22,海翔药业,复星医药,-31.4917,002099.SZ,600196.SH,1400,6.2631,5515.1578,6050.06,10.1766,11.7514,98.3695,海翔药业降糖类药物、海翔药业抗病毒类药物、海翔药业抗生素类药物、海翔药业农药中间体、海翔药业兽药、海翔药业心血管药、海翔药业医药中间体,0.243675737,16.83382205,0.698082703,123.2093,80010.1766,89.28243664,7.5976,医疗保健,制药、生物科技与生命科学,制药,西药
362,中闽能源,桂冠电力,940.0576,600163.SH,600236.SH,86.8687,,92.6653,85,45.3696,7.32,,星光硫酸盐木浆、星光新闻纸、星光纸板、纸箱,0.044097553,2.001060562,3.6580602,-49.4112,76878.89,73.161204,9.9947,公用事业,公用事业Ⅱ,独立电力生产商与能源贸易商Ⅲ,新能源发电业者
212,雏鹰农牧,温氏股份,-26.1265,002477.SZ,300498.SZ,147.6447,3.2265,320.5273,302.2088,59.7738,5.5238,-60.1608,二元种猪、鸡苗、肉鸡（淘汰种鸡）、商品肉猪、商品仔猪、种蛋,0.050871108,8.071754496,0.684336968,100.4386,139773.8,57.7264719,10.4505,日常消费,食品、饮料与烟草,食品,食品加工与肉类
525,珈伟股份,三安光电,103.2,300317.SZ,600703.SH,47.0009,1.498,277.892,175.07,278.5169,13.5758,98.5074,0A便携式充电GBK、0B便携式充电GBK、太阳能草坪灯、太阳能路灯、太阳能庭院灯,0.074869678,12.07759955,1.124047866,77.1756,173152.68,52.08491428,3.8366,信息技术,半导体与半导体生产设备,半导体产品与半导体设备,半导体产品
403,艾格拉斯,游族网络,2462.766,002619.SZ,002174.SZ,75,1.5,821.1704,970,470.5018,7.0575,98.941,PCCP、PCP、RCP、自应力管,0.273503027,21.96887999,0.321249877,31.5632,159468.96,22.58470575,3.2001,信息技术,软件与服务,软件,家庭娱乐软件
1797,三圣股份,海螺水泥,73.2574,002742.SZ,600585.SH,-36.0656,,18.1647,30,73.6636,14.7809,99.0603,减水剂、硫酸、膨胀剂、商品混凝土,0.021954873,13.88888889,1.0642248,10.457,82756.407,21.284496,1.44,材料,材料Ⅱ,建材Ⅲ,建材
441,雅戈尔,万科A,55.0022,600177.SH,000002.SZ,65.9091,37.8579,60.8518,60,15.5353,10.6311,26.2918,雅戈尔衬衫、雅戈尔梭织布、雅戈尔西装、雅戈尔休闲服,0.208985091,24.69348334,0.430522493,16.9783,51054.69,236.7131357,22.2661,房地产,房地产Ⅱ,房地产管理和开发,房地产开发
1967,康恩贝,康美药业,-59.8037,600572.SH,600518.SH,-46.9388,8.2936,28.3571,60,64.533,8.6566,71.2931,康恩贝阿乐欣、康恩贝丹参注射液、康恩贝蜂皇浆冻干粉、康恩贝葛根提取物、康恩贝厚朴提取物、康恩贝咳停片、康恩贝可达灵片、康恩贝清热明目茶、康恩贝乌灵胶囊、康恩贝销售公司、康恩贝银杏叶提取物、康恩贝元邦、前列康普乐安片、三江医药公司、天保康葛根素注射液、天保宁银杏叶片,0.281570406,12.53853464,0.690399656,45.7252,92429.11,144.8959021,16.7382,医疗保健,制药、生物科技与生命科学,制药,中药
466,久其软件,神州泰岳,5.245,002279.SZ,300002.SZ,59.1522,1.3764,386.5002,349.03,70.8169,20.7513,65.1493,久其CI Portal(信息门户)、久其ERP软件、久其OLAP多维分析组件、久其报表管理软件、久其报表数据管理系统、久其财务会计管理软件、久其财政登记系统、久其成本管理系统、久其电子政务软件、久其发票抵扣联信息采集系统、久其国库集中支付与专项资金管理系统、久其国有企业产权登记系统、久其行政事业资产管理系统、久其基建项目资金管理系统、久其旅游企业单团财务管理系统、久其民政救助管理信息系统、久其民政优抚信息管理系统、久其纳税申报系统、久其年度决算软件、久其农民单项直补信息管理系统、久其清产核资管理系统、久其商业智能软件、久其数字仪表板、久其通用报表组件、久其通用数据管理平台、久其统计调查数据处理系统、久其统计预测模型库、久其网络报表平台,0.193314607,23.22570578,0.893462623,92.8828,148681.74,44.9473158,2.166,信息技术,软件与服务,软件,应用软件
1571,拓邦股份,海康威视,-40.0438,002139.SZ,002415.SZ,-22.7273,0.9499,23.3229,50,67.3111,10.876,93.3161,拓邦电子TD视频采集卡、拓邦电子车辆监控专用彩色摄像机、拓邦电子电池保护板、拓邦电子电磁炉电脑控制板、拓邦电子电饭锅模糊控制器、拓邦电子高效照明产品控制器、拓邦电子空调电控板、拓邦电子锂电电池保护板、拓邦电子摄像机系列、拓邦电子数字超级宽动态摄像机、拓邦电子微波炉微电脑控制器、拓邦电子卫浴类电控板、拓邦电子洗碗机电控板、拓邦电子洗衣机电控板,0.014809953,7.889605643,1.37852264,30.1061,88004.38,28.5669016,2.6266,信息技术,技术硬件与设备,电子设备、仪器和元件,电子设备和仪器
182,东华能源,上海石化,72.5158,002221.SZ,600688.SH,173.9726,4.7963,280.3281,250,1.6308,11.6036,96.7306,东华能源丙烯裂解原料、东华能源车用燃料、东华能源工业燃料、东华能源民用与商用液化气、东华能源气雾剂推动剂、东华能源切割气、东华能源顺酐原料气、东华能源塑料发泡剂、东华能源乙烯裂解原料,0.159787718,13.01289621,0.891700035,27.6476,58295.9108,80.3375246,6.9235,能源,能源Ⅱ,石油、天然气与供消费用燃料,石油与天然气的炼制和销售
487,华控赛格,苏交科,-153.4296,000068.SZ,300284.SZ,55.3498,0.0469,30.9462,-60.97,569.689,12.67,,赛格三星STN-ITO镀膜玻璃、赛格三星玻壳锥、赛格三星彩色显像管玻壳,0.014346017,0.171322945,73.95390037,-4.448,114138.7,127.545089,10.0667,工业,商业和专业服务,专业服务,调查和咨询服务
734,神州高铁,大秦铁路,-124.77,000008.SZ,601006.SH,24.2236,2.8231,706.8177,923.1,393.0503,11.7632,76.9891,宝投烟酒批发、内环路锦兴工业小区租赁服务,0.019817125,1.054024807,11.16026864,235.323,180000,283.4260698,24.0943,工业,运输,公路与铁路运输,铁路运输
1715,浩丰科技,东华软件,1.19,300419.SZ,002065.SZ,-31.3043,,-12.3526,-9.47,120.5286,24.9613,91.4152,浩丰科技技术服务、浩丰科技联络中心及统一通信平台、浩丰科技营销业务及管理平台,0.050928814,48.66180049,0.512954715,19.5085,99676.25,10.2590943,0.411,信息技术,软件与服务,信息技术服务,信息科技咨询与其它服务
1245,长盈精密,歌尔股份,364.04,300115.SZ,002241.SZ,-5.2632,4.922,64.7512,75,63.8764,20.6827,97.7905,IO 连接器、LCDMLED 端子、SIM 卡连接器、USB 连接器、板对板连接器、表面贴装式LED精密支架、电池连接器、各种小五金端子、精密连接器端子、射频连接器、手机电池金手指、手机耳机插座、手机复合屏蔽件、手机滑轨、手机屏蔽件、手机转轴、数码产品五金零件、通信设备卡接簧片、小型记忆卡,0.297749037,28.07721477,0.736636457,84.9229,121728.87,115.8417344,5.6009,信息技术,技术硬件与设备,电子设备、仪器和元件,电子元件
1974,众兴菌业,新希望,,002772.SZ,000876.SZ,-47.3863,,19.951,20,97.2704,23.1276,95.0211,金针菇、蟹味菇、杏鲍菇,0.050533903,13.42912778,1.722196734,23.1755,114198.55,34.44393468,1.4893,日常消费,食品、饮料与烟草,食品,农产品
2237,四通新材,江西铜业,-390.48,300428.SZ,600362.SH,-68.5714,0.6691,13.6959,20,107.9101,19.6297,85.7975,金属添加剂、铝基中间合金、熔剂,0.041625711,22.33100378,0.879033481,14.1428,100027.8387,15.8607976,0.808,材料,材料Ⅱ,金属、非金属与采矿,金属非金属
452,银鸽投资,晨鸣纸业,-40,600069.SH,000488.SZ,64.04,,61.3656,,160.4527,5.25,,银鸽胶版纸、银鸽纳米纸、银鸽书写纸、银鸽投资包装纸、银鸽投资电力、银鸽投资氯碱、银鸽投资生态肥,0.145696667,1.60115283,3.2788875,-14.4564,126345.88,65.57775,12.491,材料,材料Ⅱ,纸与林木产品,纸制品
961,音飞储存,宝钢股份,,603066.SH,600019.SH,8.7558,,20.8364,,74.7449,16.9157,87.849,阁楼式货架、立体库高位货架、特种货架、一般货架、自动化系统集成,0.02176545,20,0.845785,8.4768,85171.5768,16.9157,1,材料,材料Ⅱ,金属、非金属与采矿,钢铁
76,招商轮船,中远海能,226.4368,601872.SH,600026.SH,405.8824,20.2201,542.2619,430,38.0093,6.8504,63.0304,招商轮船散货航运、招商轮船油品航运,0.959708577,5.590893826,1.225278142,158.3697,118009.3,363.0342078,52.9946,工业,运输,海运Ⅲ,海运
124,广博股份,东方财富,-42.4815,002103.SZ,300059.SZ,250,1.011,314.7961,470,115.0466,9.6083,84.6662,广博包装物、广博便条本、广博打孔机、广博订书机、广博剪贴本、广博起订器、广博软面本、广博相册、广博硬面本、广博自粘本,0.054747194,17.30730467,0.555158656,50.8746,165262.38,29.31684496,3.0512,信息技术,软件与服务,互联网软件与服务Ⅲ,互联网软件与服务
2030,万孚生物,乐普医疗,-21.59,300482.SZ,300003.SZ,-50.495,1.1165,8.2192,20,119.2435,60.4529,83.1537,多通道免疫荧光检测仪、检测试剂杯型、检测试剂笔形、检测试剂卡型、检测试剂条形、免疫荧光检测仪、全自动免疫荧光检测仪、血糖仪,0.187669138,66.84262854,0.904406384,6.0359,100014.2551,53.198552,0.88,医疗保健,医疗保健设备与服务,医疗保健设备与用品,医疗保健设备
1397,中泰股份,中集集团,-139.02,300435.SZ,000039.SZ,-14.1176,,-1.7207,10,115.3768,25.3241,83.6997,板翅式换热器、成套装置、冷箱,0.042663436,24.50980392,1.03322328,6.4241,99146.0741,20.6644656,0.816,工业,资本货物,机械,工业机械
631,兔宝宝,大亚圣象,185.2399,002043.SZ,000910.SZ,33.3333,0.849,76.5252,110,6.5917,9.2635,81.524,兔宝宝仿真木、兔宝宝胶合板、兔宝宝胶粘剂、兔宝宝木地板、兔宝宝贴面板、兔宝宝细木工板芯材、兔宝宝原木、兔华宝工艺木门、威腾钢琴,0.358273199,6.455095346,1.435067881,12.0491,38281.2408,44.85849875,4.8425,材料,材料Ⅱ,纸与林木产品,林木产品
2215,杭电股份,特变电工,,603618.SH,600089.SH,-65.9091,1.48,20.2536,,74.0699,10.9127,100.3115,导线产品、特种电缆,0.073160483,13.11345857,0.832175581,17.0352,89307.26,23.28224545,2.1335,工业,资本货物,电气设备,电气部件与设备
2084,农发种业,建发股份,76.2751,600313.SH,600153.SH,-56.196,1.3687,62.7777,,-1.9981,6.0016,-59.321,中农化肥贸易、中农金属物资贸易、中农农用物资贸易、中农种子经销,0.05298344,6.006942378,0.999110633,58.2892,46877.51,25.97972608,4.3288,工业,资本货物,贸易公司与工业品经销商Ⅲ,贸易公司与工业品经销商
1475,森远股份,中国中车,51.87,300210.SZ,601766.SH,-18.5185,0.9649,-30.7673,-20,32.9325,10.1307,82.404,除雪机械、公路路面修补机械、灌缝机械、环卫车辆、路面工程机械、森远就地热再生重铺机组,0.007178904,8.795144489,1.151851458,-21.1972,11189.69,27.25259607,2.6901,工业,资本货物,机械,建筑机械与重型卡车
1925,碧水源,碧水源,-66.67,300070.SZ,300070.SZ,-43.75,15.2722,68.7734,50,105.1,20.8787,71.3987,MBRU膜组器、PVDF超微滤膜、安全饮水设备、北京怀柔再生水厂、北京门头沟清水镇污水治理工程、北京密云东邵渠污水处理工程、北京密云再生水厂、北京平谷再生水厂、北京清河再生水厂二期、北京顺义引温济潮奥运配套工程、北京温榆河资源化工程二期、北京中环广场中水回用工程、东方雨虹污水处理工程、国家大剧院景观水工程、湖北十堰神定河污水处理厂改造工程、怀柔区红螺寺水库生物通道工程、昆明市第四污水处理厂改造工程、密云县北庄镇污水资源化工程、世豪大厦水景喷泉设备工程、顺义区财政局培训中心泳池桑拿池循环水处理工程、无锡市城北污水处理厂四期、小汤山工业园污水处理设备（二期）、云南民族中学示范工程,1,51.76998845,0.403297366,31.5572,143853.86,256.695265,12.2946,公用事业,公用事业Ⅱ,水务Ⅲ,水务
1354,腾龙股份,华域汽车,,603158.SH,600741.SH,-11.5385,,7.3138,,117.0103,31.1109,92.9557,汽车空调管路、热交换系统附件、热交换系统连接硬管,0.045921325,18.74941408,1.659299852,18.1015,105437.7638,33.18599703,1.0667,可选消费,汽车与汽车零部件,汽车零配件,机动车零配件与设备
2211,国恩股份,康得新,-505.12,002768.SZ,002450.SZ,-65.7143,0.7385,10.8535,30,115.0457,21.1872,95.0648,改性塑料粒子、家电零部件、汽车零部件专用料,0.051717135,39.62361303,0.534711461,6.8466,100017.7001,16.94976,0.8,材料,材料Ⅱ,化工,基础化工
1779,吴通控股,中兴通讯,-457.62,300292.SZ,000063.SZ,-35.2941,1.8356,321.9282,300.29,138.2129,10.468,91.0727,AP天线、FTTX系列配线箱、GPS天线、PLC光分路器、电桥、防雷连接组件、干线放大器、功分器、固定台天线、光纤光缆、光纤连接器、光纤适配器、合路器、馈线固定组件、耦合器、射频电缆及组件、射频同轴连接器、射频线路避雷连接器、射频转接器、室分天线、手机天线,0.051300396,11.9730448,0.874297238,139.0704,180000,33.3897796,3.1897,信息技术,技术硬件与设备,通信设备Ⅲ,通信设备
183,国泰君安,中信证券,,601211.SH,600030.SH,173.44,152.6434,199.6217,,119.4,22.7391,56.5802,场外市场、投资银行、证券交易投资、证券经纪、证券信用交易、证券研究,0.738105185,21.77655783,1.044200841,173.5638,180000,1733.856375,76.25,金融,多元金融,资本市场,投资银行业与经纪业
52,中路股份,奥飞娱乐,35.1667,600818.SH,002292.SZ,550,0.9268,627.484,,11.6171,55.7404,-68.1913,永久城市车、永久传统车、永久电动车、永久电动轮椅车、永久缆索制造、永久燃气助力车、永久山地车、永久手动轮椅车、永久童车,0.149701179,30.45250306,1.830404545,-5.3369,48410.5471,179.1775158,3.2145,可选消费,耐用消费品与服装,休闲设备与用品,休闲用品
1077,瑞康医药,上海医药,20.6043,002589.SZ,601607.SH,3.3333,2.4562,27.1235,50,73.6839,15.5542,96.8702,药品经营、药品批发,0.083262428,7.365327071,2.111813888,25.6426,94938.43,86.25426068,5.5454,日常消费,食品与主要用品零售Ⅱ,食品与主要用品零售Ⅲ,药品零售
799,启迪桑德,启迪桑德,-17.726,000826.SZ,000826.SZ,19.0789,10.8914,22.4117,,11.7804,39.1869,97.8232,合加资源包头市污水处理、合加资源城市生活垃圾处理技术、合加资源城市污泥处理技术、合加资源电子垃圾处理技术、合加资源南昌市污水处理、合加资源危险废物处理技术、合加资源医疗废物物处理技术、合加资源宜昌市市政供水、合加资源宜昌市污水处理,1,39.61985258,0.989072332,44.9827,24712.4404,331.7327833,8.4654,公用事业,公用事业Ⅱ,复合型公用事业Ⅲ,复合型公用事业
313,厦华电子,TCL集团,142.8571,600870.SH,000100.SZ,102.9269,,102.9112,,138.5048,8.61,-42.382,厦华彩电、厦华车载监视器、厦华手机、厦华液晶电视,0.038393014,3.822629969,2.252376,-86.5175,124044.75,45.04752,5.232,可选消费,耐用消费品与服装,家庭耐用消费品,消费电子产品
2067,三峡水利,华能国际,-35.2351,600116.SH,600011.SH,-54.5455,2.3402,61.7817,90,88.0556,7.151,90.2011,三峡水利广告设计、三峡水利勘察设计安装、三峡水利三峡库区水电供应、三峡水利重庆市万州区火电供应、三峡水利重庆市万州区水电供应,0.014412521,5.138410882,1.391675396,8.0603,118954.5103,23.66981,3.31,公用事业,公用事业Ⅱ,电力Ⅲ,电力
286,霞客环保,鲁泰A,93.2429,002015.SZ,000726.SZ,112.2995,,117.6531,123.4021,147.3677,7.19,-5.5912,霞客半消光聚酯切片、霞客聚酯短纤维、霞客毛巾、霞客色纺纱线,0.179469417,4.991265286,1.4405165,-75.5973,127320.81,28.81033,4.007,可选消费,耐用消费品与服装,纺织品、服装与奢侈品,纺织品
308,张家界,华侨城A,114.908,000430.SZ,000069.SZ,104.85,1.2354,96.5783,101.7,26.7284,15.433,99.3893,湖南宝峰湖、湖南德夯、湖南广之旅旅行社、湖南猛洞河、湖南十里画廊、湖南坐龙峡、张家界国际大酒店,0.023133055,4.666060697,3.307500909,44.7522,88443.21,49.5152372,3.2084,可选消费,消费者服务Ⅱ,酒店、餐馆与休闲Ⅲ,酒店、度假村与豪华游轮
79,美年健康,美年健康,106.457,002044.SZ,002044.SZ,400,2.6197,547.475,100,102.1301,15.4296,56.8224,三友女时装、三友上装、三友童装、三友下装,1,30.87003816,0.499824455,46.4262,163927.86,186.812339,12.1074,医疗保健,医疗保健设备与服务,医疗保健提供商与服务,保健护理服务
915,欧亚集团,大商股份,-808.8308,600697.SH,600694.SH,11.2069,3.3407,19.9501,,9.5649,40.4687,93.915,红旗街商务综合楼、长春欧亚车百、长春欧亚卖场、长春欧亚商都,0.365903614,34.87846429,1.160277576,11.6973,9996.3122,64.38165483,1.5909,可选消费,零售业,多元化零售,百货商店
604,三聚环保,浙江龙盛,-177.89,300072.SZ,600352.SH,36.3636,7.8517,95.648,108.58,130.2831,15.0874,99.5098,DZF-1 重整预加氢催化剂、EAS-10 脱砷剂、FGH-21/31 汽油选择性加氢脱硫催化剂、FH-40A 加氢精制催化剂、FH-40B 加氢精制催化剂、FH-40C 加氢精制催化剂、FH-98 加氢精制催化剂、FH-98A 加氢精制催化剂、FH-UDS 加氢精制催化剂、FV-10 加氢精制催化剂、FV-20 加氢精制催化剂、JX-1 脱硫剂、JX-2A 液化气硫醇转化催化剂、JX-2B 硫醇转化保护剂、JX-3B 脱硫剂、JX-3C 脱硫剂、JX-4A 低温脱硫剂、JX-4C 高温脱硫剂、JX-4D 常温氧化锌脱硫剂、JX-5A 高温脱氯剂、JX-5B 低温脱氯剂、JX-5B-2 低温脱氯剂、JX-5D 液相脱氯剂、JX-6B COS 水解催化剂、JX-7 航煤脱硫剂、PAS-10 型脱砷剂、PIC802 加氢异构脱蜡催化剂、SC309 型合成甲醇催化剂、SJ-07 重整再生气脱氯剂、SRO-1 脱氧剂、STAS-2 常温脱砷、STAS-3 常温脱砷剂、VAH-1/VAH-2 气相醛加氢催化剂,0.294071161,14.30972746,1.054345727,101.8794,177824,117.4131643,7.7822,材料,材料Ⅱ,化工,特种化工
465,力源信息,爱施德,-428.57,300184.SZ,002416.SZ,59.7315,,107.0506,104.56,14.969,17.68,86.4525,被动器件   、传感器  、存储器    、单片机及微处理器  、电源管理器件  、分立半导体器件  、功率器件  、光电器件  、开关器件  、可编程系统器件  、时钟管理器件  、数据转换器   、数字电位器  、数字逻辑电路  、特殊功能集成电路  、通信接口器件   、系统管理器件  、信号调理器件  ,0.113843481,5.20724849,3.3952672,86.1708,75866.209,67.905344,3.8408,信息技术,技术硬件与设备,电子设备、仪器和元件,技术产品经销商
1232,中国巨石,中国巨石,33.3142,600176.SH,600176.SH,-4.6941,9.7762,130.2312,180,17.7413,9.2612,97.4313,中国玻纤缠绕、拉挤、编织用直接无捻粗纱、中国玻纤粉剂短切原丝毡、中国玻纤缝编短切毡、中国玻纤缝编复合毡、中国玻纤连续玻璃纤维纱、中国玻纤模压用干法短切原丝、中国玻纤膨体纱、中国玻纤强PBT、PET用干法短切原丝、中国玻纤热塑性塑料用合股无捻粗纱、中国玻纤湿法短切原丝、中国玻纤无捻粗纱布、中国玻纤无念粗纱布复合毡、中国玻纤增强PA用干法短切原丝、中国玻纤增强PP用干法短切原丝、中国玻纤增强PP用合股无捻粗纱,1,25.40999049,0.364470817,18.4516,73276.78,80.81600956,8.7263,工业,资本货物,建筑产品Ⅲ,建筑产品
865,拓维信息,拓维信息,-149.8683,002261.SZ,002261.SZ,14.2857,2.3422,83.4612,170,56.9638,19.3933,43.3376,IVR运营平台、彩铃服务(CRBT)、第一代电信增值服务平台、电信商业智能分析系统、短信服务(SMS)、多媒体信息服务(MMS)、互动式语音应答(IVR)、企业管理信息支撑系统、手机动漫、无线电子商务、无线应用协议(WAP)、现代物流及供应链管理系统、协同制造执行系统、信息化应用服务平台、移动电子商务、移动电子商务平台、移动电子商务项目、移动支付系统,1,38.89983491,0.498544532,-4.8782,97230.94,108.0749822,5.5728,可选消费,消费者服务Ⅱ,综合消费者服务Ⅲ,教育服务
1193,迈克生物,上海莱士,-128.61,300463.SZ,002252.SZ,-1.6807,2.7893,5.328,20,144.6726,38.8445,97.5412,体外诊断产品,0.202858182,119.5515793,0.324918334,13.4596,100018.7876,72.25077,1.86,医疗保健,制药、生物科技与生命科学,生物科技Ⅲ,生物科技
2046,雅百特,中国建筑,-443.2203,002323.SZ,601668.SH,-51.9083,2.5623,89.2219,113.38,76.0532,12.418,94.249,D11系列卷铁心变压器、KBSGZY矿用隔爆型移动变电站、KBSG矿用隔爆型干式变压器、KS9系列矿用电力变压器、S11-MR-D系列地埋式变压器、S11系列卷铁心变压器、S9-M系列全密封节能型配电变压器、S9系列电力变压器、S9系列电力变压器(10kv)、S9系列节能型配电变压器、SG10系列干式电力变压器、SZ9系列有载调压变压器、ZB(W)-10系列箱式变电站、ZGS11-MR-D地下式组合变压器、ZGS系列节能型组合式变压器、矿用隔爆型负荷中心,0.009983628,7.638932957,1.625619713,67.6207,140950.36,30.8686644,2.4858,工业,资本货物,建筑与工程Ⅲ,建筑与工程
105,珠海港,上港集团,12.9886,000507.SZ,600018.SH,286.8946,,32033.4574,291.04,2.1621,7.3715,36.6968,贵阳松竹苑、粤富华PTA（精对苯二甲酸）、粤富华骨松宝、粤富华聚酯切片、珠海富华广场三期、珠海富华广场一、二期商住小区、珠海富华苑、珠海港集装箱泊位、珠海港散货泊位,0.013318646,2.533120551,2.910047055,5.5707,50007.7328,58.2009411,7.8954,工业,运输,交通基础设施,海港与服务
209,跨境通,跨境通,70.5558,002640.SZ,002640.SZ,150,1.7283,768.0137,730,6.9059,16.5644,99.7897,牛仔裤、西裤、休闲裤,1,33.30023607,0.497425903,637.0705,80006.9059,105.2501976,6.354,可选消费,零售业,互联网与售货目录零售,互联网零售
1684,新洋丰,金正大,185.6786,000902.SZ,002470.SZ,-29.5775,7.9675,58.1477,,70.8592,14.7602,98.6219,中服纺织品出口、中服毛纺面料、中服皮革、中服羊绒、中服印染面料、中服羽绒,0.691659288,33.45414185,0.441206953,25.4339,107563.22,97.30219044,6.5922,材料,材料Ⅱ,化工,化肥与农用化工
293,吉祥航空,中国国航,,603885.SH,601111.SH,110.3448,11.1653,123.5412,,81.1052,23.8957,87.7919,民用航空运输,0.14229856,12.08472652,1.977347187,22.9837,138000.31,271.455152,11.36,工业,运输,航空Ⅲ,航空
115,特力A,广汇汽车,13.7377,000025.SZ,600297.SH,264.0212,,428.0833,357,339.9074,83.88,86.8194,特力汽车贸易、特力汽车维修、特力深圳特力花园、特力深圳永通大厦、特力物业管理,0.028318528,6.727664155,12.4679232,-31.804,140458.8,249.358464,2.9728,可选消费,零售业,专营零售,汽车零售
2337,靖远煤电,中国神华,-1399.1184,000552.SZ,601088.SH,-80.9084,2.095,-40.3096,,126.8442,4.9843,96.6787,靖远煤电晶虹3号煤,0.009820894,2.418104081,2.061242955,-28.8763,71182.31,56.99497207,11.4349,能源,能源Ⅱ,石油、天然气与供消费用燃料,煤炭与消费用燃料
117,同方股份,同方股份,8.8095,600100.SH,600100.SH,262.3214,13.4903,169.0938,,48.4705,17.6131,-60.5437,黑龙江松花江流域污水治理工程、南水北调中线干线京石段应急供水工程视频监控系统集成项目、同方ezIBS智能建筑信息集成系统、同方ezONE软件平台、同方Techcon智能控制系统、同方安防系统、同方笔记本电脑、同方电子政务系统、同方光盘、同方凌讯数字电视发射器、同方燃气、同方身份证芯片、同方台式电脑、同方污水源热泵机组、郑州煤电综合办公楼智能化系统工程,1,18.07999258,0.974176285,9.7393,98480.2393,522.0346709,29.639,信息技术,技术硬件与设备,电脑与外围设备,电脑硬件
125,永安林业,宜华生活,-71.2751,000663.SZ,600978.SH,250,,600.0325,259.927,383.3455,16.82,-130.7918,企鹅胶合板、永林蓝豹金刚板、永林天然香兰素、永林一次性木质纤维绿色环保餐具,0.060400169,5.864758665,2.8679782,12.087,150012.087,57.359564,3.4102,可选消费,耐用消费品与服装,家庭耐用消费品,家庭装饰品
382,皇台酒业,贵州茅台,144.9643,000995.SZ,600519.SH,80,,93.389,84.2846,-1.1925,14.08,,本色白酒、鼎白酒、皇台白酒、皇台白砂糖和红糖、皇台干红葡萄酒、皇台酒精、九鼎皇台酒、凉州白酒、凉州干红葡萄酒、六鼎皇台酒、真情白酒,0.007296879,11.27332168,1.2489664,17.6179,50787.37,24.979328,1.7741,日常消费,食品、饮料与烟草,饮料,白酒与葡萄酒
167,常铝股份,南山铝业,1262.3298,002160.SZ,600219.SH,186,1.3214,375.0763,360.3,156.5667,12.9126,93.8212,常铝百页窗铝箔、常铝工业用铝箔、常铝空调器散热用素铝箔、常铝铝合金箔、常铝汽车用铝箔、常铝亲水涂层铝箔、常铝素铝箔、常铝装饰用铝箔,0.140773648,4.127629383,3.128333192,14.6581,150014.6581,82.1564175,6.3625,材料,材料Ⅱ,金属、非金属与采矿,铝
578,雷科防务,航发动力,422.3529,002413.SZ,600893.SH,40,0.8009,51.595,80,69.0561,19.2995,100.864,板管式蒸发器 、翅片式蒸发器、吹胀式蒸发器、卷筒式冷凝器、空调两器、丝管式冷凝器、丝管式蒸发器、粘接式蒸发器,0.068786931,19.01735649,1.014836106,-6.4044,92932.28,61.256613,3.174,工业,资本货物,航空航天与国防Ⅲ,航天航空与国防
1944,歌力思,海澜之家,-39.3297,603808.SH,600398.SH,-45.3488,1.5613,1.9529,,143.0869,24.7591,93.7824,裤类、女鞋、配饰、裙类、上衣类、外套类,0.04867138,18.42810397,1.343551135,7.2295,100009.1824,41.01344915,1.6565,可选消费,耐用消费品与服装,纺织品、服装与奢侈品,服装、服饰与奢侈品
569,爱尔眼科,爱尔眼科,5.52,300015.SZ,300015.SZ,40.1923,4.2418,36.6525,45,17.4484,20.7773,103.2259,爱尔眼科白内障手术、爱尔眼科检查治疗、爱尔眼科连锁医院、爱尔眼科眼病诊疗、爱尔眼科眼后段手术、爱尔眼科眼前段手术、爱尔眼科医学验光配镜、爱尔眼科准分子手术,1,31.58000528,0.657925793,32.8261,45622.48,204.7727579,9.8556,医疗保健,医疗保健设备与服务,医疗保健提供商与服务,保健护理设施
2207,中通客车,上汽集团,75.3363,000957.SZ,600104.SH,-65.5172,3.05,-33.4929,,80.9308,12.0604,94.4288,中通10米LCK6103G型客车、中通10米LCK6103型客车、中通12米LCK6126H（05款）型客车、中通6米LCK6607D型客车、中通8米LCK6830G型客车、中通8米LCK6860H型客车、中通9米LCK6920H型客车、中通9米LCK6960-1H型型客车,0.010446683,8.244669556,1.46281181,42.1405,76826.5,35.7530558,2.9645,可选消费,汽车与汽车零部件,汽车,汽车制造
1685,天宸股份,强生控股,76.5537,600620.SH,600662.SH,-29.6206,,-24.2092,,329.1265,13.7542,-14.8996,北京广益大厦、上海四川北路玫瑰广场、天宸股份桂平住宅小区、天宸股份和泰玫瑰园、天宸股份联农大厦、天宸股份名都城、天宸股份名都新城、天宸股份南证大厦、天宸股份上海华一新城动迁、天宸股份上海金海岸花园、天宸股份头孢氨苄胶囊、天宸股份头孢克洛分散片、天宸股份维C银翘片、天宸股份西郊花园别墅、天宸股份心仪雅苑、天宸股份运输客运、天宸股份真南小区、天宸股份仲盛金融大厦,0.114862785,4.368910831,3.148198838,26.6496,95890.28,62.96397676,4.5778,工业,运输,公路与铁路运输,公路运输
1995,天壕环境,盛运环保,742.42,300332.SZ,300090.SZ,-48.7778,2.0669,10.4429,13.42,59.6571,12.1429,73.7634,玻璃窑余热发电、钢铁行业余热发电、水泥窑余热发电、冶金行业余热发电,0.272326016,8.721944194,1.392223996,91.1137,87001.6529,47.01609451,3.8719,工业,商业和专业服务,商业服务与用品,环境与设施服务
259,蓝帆医疗,蓝帆医疗,110.6325,002382.SZ,002382.SZ,123.0769,1.8086,382.1128,350,9.927,13.5303,97.714,PVC手套,1,27.95999191,0.483916449,-1.7271,49491.797,33.4469016,2.472,医疗保健,医疗保健设备与服务,医疗保健设备与用品,医疗保健用品
2317,广汇能源,广汇能源,29.8264,600256.SH,600256.SH,-77.9832,8.595,-73.4037,-80,1.1908,6.6214,45.6832,“美林阁”商住小区、广汇美居房产租赁、广汇肉联厂租赁、广汇塑钢门窗、广汇天然气供应、广汇天然气销售、黑冰花石材、天山翠石材、天山蓝宝石材、新疆广汇美居物流园、新疆广汇美居亿科销售、新疆红石材,1,6.670005477,0.992712828,-24.1408,-43942.8992,345.7311039,52.2142,能源,能源Ⅱ,石油、天然气与供消费用燃料,石油天然气勘探与生产
842,国新能源,申能股份,31.7703,600617.SH,600642.SH,16.129,6.195,23.1294,,17.4016,15.1324,99.622,南方家园、上海联源经贸发展公司、万事利大厦,0.223999595,7.097517602,2.132069387,31.8612,38524.66,164.1350898,10.8466,公用事业,公用事业Ⅱ,燃气Ⅲ,燃气
299,苏宁云商,苏宁云商,-82.68,002024.SZ,002024.SZ,107.1429,13.0072,108.7803,114.2431,0.7447,13.2878,-1174.9988,苏宁电器连锁店,1,13.45000569,0.987940103,17.4397,55232.6547,981.0435891,73.8304,可选消费,零售业,专营零售,电脑与电子产品零售
291,美晨科技,中鼎股份,15.47,300237.SZ,000887.SZ,111.0354,2.0749,177.2636,170.7,7.1707,12.3536,92.0074,减震系统及零件、流体输送系统及零件 ,0.237903596,7.758298955,1.592307808,78.5219,73563.7407,99.72567136,8.0726,可选消费,汽车与汽车零部件,汽车零配件,轮胎与橡胶
872,现代投资,宁沪高速,15.7522,000900.SZ,600377.SH,13.7931,5.24,13.543,,3.146,5.5272,78.9111,107国道岳阳专用线、大有期货、潭耒高速公路、现代投资文化传播、长潭高速公路、长永高速公路,0.180593131,7.869933445,0.702318519,207.0917,30016.689,55.92918408,10.1189,工业,运输,交通基础设施,公路与铁路
312,皇庭国际,海宁皮城,104.1948,000056.SZ,002344.SZ,103.0303,0.8541,112.0168,120.1512,76.1311,16.9216,-236.43,晶岛国际广场、深圳坂田富豪花园、深圳市国际商场、武汉锦湖花园、中密度纤维板,0.088743194,2.656744453,6.36929908,157.7646,156131.1,97.11137024,5.7389,房地产,房地产Ⅱ,房地产管理和开发,房地产经营公司
322,易见股份,瑞茂通,-2059.3333,600093.SH,600180.SH,100,2.3825,269.2028,,1073.4508,15.9925,73.995,“金顶”凸轮轴、博美・华龙广场、成都市金牛区花牌坊街、飞球锻钢浮动球阀、飞球锻钢固定球阀、飞球三通联动球阀、禾嘉TCL代理经销、禾嘉联想代理经销、禾嘉苹果汁系列、胡萝卜汁系列产品、禾优6号稻种,0.466324793,9.332877213,1.713565885,461.8992,180000,179.5078163,11.2245,工业,商业和专业服务,商业服务与用品,综合支持服务
2315,宝德股份,海油工程,361.95,300023.SZ,600583.SH,-77.7778,0.5843,-11.4726,-80,175.0213,15.9799,63.7493,WB-AD-AB复合型电机自动送钻系统、WB-AD-A辅助电机自动送钻系统、WB-AD-B主电机自动送钻系统、WB-AD自动送钻控制系统、WB-CCS 钻机电视监控系统、WB-CGL系列镀锌线控制系统、WB-CIS 钻机一体化控制系统、WB-CLS 防碰天车控制系统、WB-DIS 智能钻井仪表系统、WB-SL系列拉伸弯曲矫直机自动控制系统、WB-TD顶驱电气控制系统、WB-ZJ120DB钻机一体化控制系统、WB-ZJ90DB钻机一体化控制系统、超低温极地钻机电控系统、海洋钻机电气控制系统、水动力实验台控制系统、一体化仪表系统、专用设备控制系统、钻机独立转盘电传动控制系统、钻机交流变频电传动控制系统、钻机直流电传动控制系统,0.019160707,5.996605602,2.664824246,89.9066,121235.68,20.20498556,1.2644,能源,能源Ⅱ,能源设备与服务,石油天然气设备与服务
398,金风科技,金风科技,3419.0476,002202.SZ,002202.SZ,76.0992,31.2858,75.5587,100,8.5534,16.7716,87.5427,金风科技1.2MW风力发电机组、金风科技1.5MW风力发电机组、金风科技600kW风力发电机组、金风科技750kW风力发电机组,1,20.90591254,0.802241948,74.6087,60170.5134,458.7938266,27.3554,工业,资本货物,电气设备,重型电气设备
336,辽宁成大,辽宁成大,-963.1148,600739.SH,600739.SH,97.4477,17.0904,75.9207,,35.0178,22.6,-11.5354,辽宁成大成大速达TM人用狂犬病疫苗、辽宁成大成大乙脑灭活疫苗、辽宁成大方圆医药连锁、辽宁成大纺织品经销业务、辽宁成大丝绸,1,22.59999608,1.000000174,-1.2282,72609.69,345.71446,15.2971,可选消费,零售业,消费品经销商Ⅲ,消费品经销商
570,安信信托,安信信托,65.444,600816.SH,600816.SH,40.0185,15.114,44.919,,223.6034,9.9197,91.146,安信信托安国假日百货信托产品、安信信托安国信托产品、安信信托安桥信托产品、安信信托安泰信托产品、安信信托人脸识别相关产品、海口新外滩复兴城项目,1,22.76999701,0.435647839,42.2979,135148.87,175.5677783,17.6989,金融,多元金融,资本市场,资产管理与托管银行
954,中文传媒,中南传媒,305.6957,600373.SH,601098.SH,9.0909,11.9707,19.3952,,48.6187,23.2649,87.8997,教材教辅、一般图书、音像制品、印刷包装,0.649737569,20.24006511,1.149447884,-3.7949,57177.83,320.5763631,13.7794,可选消费,媒体Ⅱ,媒体Ⅲ,出版
367,深深宝A,承德露露,68.5826,000019.SZ,000848.SZ,83.8222,,73.9709,85.2382,-0.8477,10.2896,,金雕茶制品、茗典一冲茶、三井调味品、深宝茶饮品、深宝粒粒橙汁、深宝乳酸菌奶,0.161027743,6.642752757,1.548996384,31.8421,45690.38,30.97992768,3.0108,日常消费,食品、饮料与烟草,饮料,软饮料
1832,赤峰黄金,紫金矿业,-250,600988.SH,601899.SH,-39.1304,3.1877,-25.8003,,143.1411,11.57,67.3927,白银、金锭,0.139343259,12.78582398,0.904908437,94.9939,115598.02,82.516083,7.1319,材料,材料Ⅱ,金属、非金属与采矿,黄金
732,珠江啤酒,青岛啤酒,-37.4827,002461.SZ,600600.SH,24.263,0.705,39.4509,30,1.6294,15.1213,65.1071,高纤维啤酒、含活性酵母纯生白啤酒、经典珠江啤酒、上面发酵啤酒、无醇啤酒、珠江纯生啤酒、珠江淡爽啤酒、珠江金啤酒、珠江精品纯生啤酒、珠江绿爽啤酒、珠江清纯啤酒、珠江新清爽啤酒,0.041057836,2.557503701,5.912523212,0.7167,19727.7961,102.8490341,6.8016,日常消费,食品、饮料与烟草,饮料,啤酒
401,西水股份,西水股份,481.2535,600291.SH,600291.SH,75.5058,12.1441,416.0403,,1.2085,29.0563,-203.3892,西水股份复合水泥、西水股份普通硅酸盐水泥、西水股份网络集成、技服,1,29.11,0.998155273,24.1179,57236.5785,111.576192,3.84,金融,保险Ⅱ,保险Ⅲ,财产与意外伤害保险
1357,乐金健康,苏泊尔,-229.53,300247.SZ,002032.SZ,-11.5632,0.349,10.0322,25,85.6537,10.3168,82.4759,便携式桑拿设备、远红外桑拿设备,0.041341894,2.145269012,4.809093844,40.0339,97673.9022,35.0049024,3.393,可选消费,耐用消费品与服装,家庭耐用消费品,家用器具与特殊消费品
417,青岛金王,中顺洁柔,-1395.8904,002094.SZ,002511.SZ,70.2703,0.9432,119.3883,100,13.0692,31.15,84.7213,青岛金王复合体材料蜡制品、青岛金王工艺玻璃制品、青岛金王环氧树脂复合体材料制品、青岛金王节日用蜡烛、青岛金王日用蜡烛制品、青岛金王铁线烛台、青岛金王油品贸易,0.996092512,17.5903217,1.770860165,5.4057,50018.4749,100.27808,3.2192,日常消费,家庭与个人用品,家庭用品Ⅲ,家庭用品
477,中国宝安,中国宝安,-3839.0625,000009.SZ,000009.SZ,57.3171,8.7,144.382,160.96,36.3598,13.2117,6.4502,宝安・山水江南、北京恒丰花园出售、北京恒丰花园物业出租、北京京门大厦、布吉华浩源、达芬拉露、达芬霖、大安血液制品系列产品、肝乐宁注射液、贵阳宝安・松景阁、贵阳市西路商场、贵州骏晟商场、贵州玉田坝商场、海口宝安・江南城、海口国贸中心区宝安・滨海豪庭、红安的宝安・商业街、湖北鄂州红莲湖旅游度假区、湖北红安天台山风景区、湖北荆州宾馆、湖北武汉青龙山风景区、荆州宝安・宝安坊、荆州宝安・商业街、连云港宝安商业广场、马应龙麝香痔疮膏、马应龙麝香痔疮栓、强灵助长晶、上海宝安大酒店、上海陆家嘴宝安大厦、深圳宝安・碧海名园、深圳宝安・恒安花园、深圳宝安・世纪春城、深圳华浩源・绿谷、深圳森林王天然高级三层实木地板、斯普林注射液、天门宝安商业广场、文昌宝安・商业广场、武汉宝安・江南村、武汉宝安・山水龙城、武汉宝安・时代广场、武汉宝安创新科技园、武汉马应龙大药房、咸阳宝安购物广场、盐酸关附甲素、粤北农副产品批发市场,1,17.95997136,0.735619213,17.6383,91651.29,210.3447969,15.9211,工业,资本货物,综合类Ⅲ,综合类行业
423,兄弟科技,兄弟科技,36.1205,002562.SZ,002562.SZ,69.2308,0.8647,108.4973,80,3.2882,14.3033,83.3032,BRKOIL(博可柔)-BLG加脂剂、BRKOIL(博可柔)-FP加脂剂、BRKOIL(博可柔)-LFN羊毛脂加脂剂、BRKOIL(博可柔)-NC加脂剂、BRKOIL(博可柔)-NL加脂剂、BRKOIL(博可柔)-OL加脂剂、BRKOIL(博可柔)-SW软革防水油、BROBOL(博柔宝)-LB磷脂加脂剂、BROBOL(博柔宝)-TF加脂剂、BROSOL(博柔素)-BP磷酸酯加脂剂、BROTAN(博路坦)-CPR氨基树脂鞣剂、BROTAN(博路坦)-NFR树脂鞣剂、BROVIT(博灰特)-L201浸灰助剂、BRPOLY(博宝丽)-SMP聚合物鞣剂、BRTHON(博散)-D102脱脂剂、BRTHON(博散)-S102分散助剂、BRTHON(博散)-S103浸水助剂、BRTHON(博散)-S106(粉剂)浸水助剂、JFC渗透剂、维生素B1颗粒-硝酸硫胺颗粒、维生素B1-硝酸硫胺、维生素B1-盐酸硫胺、维生素K3-MNB、维生素K3-MSB,1,28.8001998,0.496638916,7.7517,50011.0399,38.65752891,2.7027,材料,材料Ⅱ,化工,多元化工
431,钱江摩托,隆鑫通用,135.0746,000913.SZ,603766.SH,68.1818,,94.044,70.2543,-1.0218,11.448,,得意宝贝摩托车、汉莎公主摩托车、凌鹰摩托车、米兰公主摩托车、钱江100CC摩托车、钱江125CC摩托车、钱江150CC摩托车、小宝贝摩托车、伊丽公主摩托车,0.100657039,4.409754377,2.59606296,-15.4509,41364.93,51.9212592,4.5354,可选消费,汽车与汽车零部件,汽车,摩托车制造
582,中国平安,中国平安,-32.2,601318.SH,601318.SH,39.6825,579.3984,63.3638,,13.3901,34.7146,-31.7681,平安信托金融信托业务、平安银行存贷款业务、平安证券经纪业务、平安证券投行业务、中国平安家庭财产保险、中国平安健康保险、中国平安理财保险、中国平安旅游保险、中国平安汽车保险、中国平安人寿健康保险、中国平安少儿保险、中国平安养老保险、中国平安医疗保险、中国平安资产管理业务,1,36.01000042,0.964026648,37.4161,42920.1201,6345.912195,182.8024,金融,保险Ⅱ,保险Ⅲ,多元化保险
1402,沃施股份,格力电器,439.67,300483.SZ,000651.SZ,-14.2857,,-4.2415,-10.06,63.5985,60.912,96.8105,园艺类灌溉、园艺类机械、园艺类手工具、园艺类装饰类,0.014875242,32.5203252,1.873044,-1.6216,60991.27,37.46088,0.615,可选消费,耐用消费品与服装,家庭耐用消费品,家用电器
1899,星光农机,云内动力,,603789.SH,000903.SZ,-42.5145,1.1633,-23.5526,,96.6105,43.8792,80.5071,星光系列联合收割机,0.527573696,17.49386895,2.508261616,5.1318,84839.3318,87.7584,2,工业,资本货物,机械,农用农业机械
463,宋城演艺,宋城演艺,-28.87,300144.SZ,300144.SZ,60.2083,6.1671,67.1556,90,42.5967,28.0903,98.3864,杭州动漫乐园、杭州乐园、杭州宋城产业营销有限公司、杭州宋城景区、杭州宋城艺术总团,1,28.30001101,0.99258972,65.5093,95827.29,408.06217,14.5268,可选消费,消费者服务Ⅱ,酒店、餐馆与休闲Ⅲ,休闲设施
1168,丽鹏股份,奥瑞金,-500.057,002374.SZ,002701.SZ,0,1.4,202.6933,364.88,3.7163,7.6247,90.2418,白酒瓶盖、环防伪盖、铝防伪瓶盖、铝塑组合瓶盖、扭断防伪盖、啤酒铝制防伪瓶盖、葡萄酒盖、全塑齿防伪瓶盖、全塑组合式防伪瓶盖、撕拉防伪盖、中心顶出盖,0.133781821,11.25479087,0.67746261,97.6467,79297.7263,25.13482355,3.2965,材料,材料Ⅱ,容器与包装,金属与玻璃容器
485,深圳机场,上海机场,-4.7823,000089.SZ,600009.SH,55.7522,4.5167,58.4696,85,27.0524,8.0199,99.5515,深圳机场航空地面服务、深圳机场航空广告、深圳机场航空物流、深圳机场候机楼物业租赁、深圳机场客货代理、深圳机场旅客过港费,0.180583487,5.008985288,1.601102726,2.5471,56289.7471,164.4697032,20.5077,工业,运输,交通基础设施,机场服务
510,中油资本,中油资本,22.9661,000617.SZ,000617.SZ,50,0.1275,48.2796,54.44,-4.0979,15.55,,济柴2000系列・12V、济柴2000系列・8V、济柴3000双燃料气体发电机组、济柴3000系列・12V、济柴3000系列・8V、济柴6016柴油机、济柴601系列、济柴八缸直列型柴油机、济柴炼化尾气发动机及机组、济柴六缸直列型柴油机、济柴四缸直列型柴油机、济柴瓦斯气发动机及机组、西瓦科低压配电柜,1,15.54994088,1.000003802,7.3752,20049.2752,44.71247,2.8754,金融,多元金融,资本市场,多元资本市场
522,华数传媒,歌华有线,-36.1853,000156.SZ,600037.SH,47.1429,5.5292,25.6221,74.02,314.4792,32.4449,88.6072,互动电视/IPTV、互联网电视、手机电视、有线电视网络,0.731066215,15.28334637,2.122892409,12.4399,112823.4899,465.0489742,14.3335,可选消费,媒体Ⅱ,媒体Ⅲ,有线和卫星电视
1267,红蜻蜓,奥康国际,,603116.SH,603001.SH,-6.5574,,-4.6656,,70.7705,31.2435,96.2497,皮鞋,0.148357497,4.892367906,6.3861714,-4.2007,67177.49,127.723428,4.088,可选消费,耐用消费品与服装,纺织品、服装与奢侈品,鞋类
625,晶盛机电,爱康科技,-238.48,300316.SZ,002610.SZ,33.3333,1.1184,57.9634,70,3.6957,14.4491,92.7198,单晶硅生长炉控制系统、多晶硅铸锭炉、全自动单晶硅生长炉,0.59648,5.932796523,2.435461918,103.9587,58985.3957,127.649129,8.8344,信息技术,半导体与半导体生产设备,半导体产品与半导体设备,半导体设备
1611,怡亚通,外运发展,-14.2236,002183.SZ,600270.SH,-25,5.5164,32.1125,100,50.0915,22.5948,89.4705,怡亚通供应链解决方案咨询服务、怡亚通国际采购与配送、怡亚通国内物流、怡亚通进出口通关服务、怡亚通全国保税物流园区,0.578627171,13.54917352,1.667614631,47.7061,80459.58,236.4297277,10.4639,工业,运输,航空货运与物流Ⅲ,航空货运与物流
571,鹏博士,鹏博士,13.6568,600804.SH,600804.SH,40,8.2959,29.095,,16.0651,23.2949,92.2223,鹏博士多媒体光盘教育产品、鹏博士多媒体网络教室、鹏博士高中物理智能实验系统、鹏博士高中新课标学分制管理系统、鹏博士教育行业软件系统、鹏博士开心学电脑、鹏博士课件制作系统、鹏博士青春不陌生、鹏博士青春期生理卫生网络教学版、鹏博士时代校园城域网信息平台、鹏博士时代校园学校信息平台、鹏博士数码e房酒店娱乐平台系统、鹏博士信息技术课网络教室、鹏博士信息交流平台、鹏博士虚拟因特网教学系统、鹏博士职校学分制管理系统,1,23.72006855,0.982075577,11.9957,30624.5957,326.2334271,14.0045,电信服务,电信服务Ⅱ,多元电信服务,非传统电信运营商
2132,永辉超市,百联股份,-0.2295,601933.SH,600827.SH,-60,9.68,-12.5168,,89.779,4.8671,94.5561,服装事业部、加工事业部、生鲜事业部、食品用品事业部,0.679050452,4.983041075,0.976732868,16.6962,88529.46,197.9712393,40.6754,日常消费,食品与主要用品零售Ⅱ,食品与主要用品零售Ⅲ,大卖场与超市
603,新华保险,中国人寿,-80.9,601336.SH,601628.SH,36.4532,93.8588,47.6773,,11.8344,51.4406,-247.2553,新华人寿出行保障系列保险、新华人寿定期寿险、新华人寿建筑工程系列保险、新华人寿健康保险、新华人寿金融贷款系列保险、新华人寿理财保险、新华人寿旅游景点系列保险、新华人寿少儿保险、新华人寿学生平安系列保险、新华人寿养老保险、新华人寿意外保险、新华人寿员工福利系列保险、新华人寿终身寿险,0.220040802,52.59716352,0.978010915,21.8958,30419.2244,1604.715237,31.1955,金融,保险Ⅱ,保险Ⅲ,人寿与健康保险
2141,润达医疗,泰格医药,,603108.SH,300347.SZ,-60.3175,0.9973,34.713,,87.9816,18.9099,94.3653,体外诊断产品,0.577441955,81.71254546,0.231419789,17.7051,110649.63,17.79988887,0.9413,医疗保健,制药、生物科技与生命科学,生命科学工具和服务Ⅲ,生命科学工具和服务
1374,润和软件,润和软件,28.95,300339.SZ,300339.SZ,-12.5,2.3709,13.6769,20,113.8127,23.7014,87.27,供应链管理软件、智能电网信息化软件、智能终端嵌入式软件,1,48.01943157,0.493579354,44.6044,113394.9969,84.89367452,3.5818,信息技术,软件与服务,信息技术服务,数据处理与外包服务
699,东方明珠,东方明珠,3.5153,600637.SH,600637.SH,26.7595,24.7647,29.3163,,59.8692,36.9415,54.8314,上广电DVD、上广电PDP电视、上广电笔记本电脑、上广电彩电、上广电传真机、上广电电话机、上广电计算机网卡、上广电台式电脑、上广电液晶电视、上广电液晶显示器、上广电以太网交换机,1,37.88998074,0.974967505,41.3263,86925.24,970.2832741,26.2654,可选消费,媒体Ⅱ,媒体Ⅲ,媒体Ⅲ
1498,界龙实业,东风股份,-364.4762,600836.SH,601515.SH,-20,,-7.8487,,107.1754,15.6424,66.6608,北蔡“鹏丰苑”、界龙PS版版材、界龙彩印包装装潢、界龙纺织用钢丝、界龙进出口业务、界龙新世纪公寓、界龙阳光苑、南汇“德盈佳园”、三林“世华锦城”、真味奶糖,0.108477753,6.035367252,2.591789256,7.1609,96082.8109,51.83578512,3.3138,工业,商业和专业服务,商业服务与用品,商业印刷
773,迪森股份,迪森股份,458.31,300335.SZ,300335.SZ,20.9832,0.7062,-25.5189,-25,4.5457,18.4219,63.9552,生物质成型燃料BMF、生物质可燃气BGF,1,18.53988311,0.993636254,-10.107,-15787.0043,58.31452445,3.1655,公用事业,公用事业Ⅱ,独立电力生产商与能源贸易商Ⅲ,独立电力生产商与能源贸易商
2107,中天能源,陕天然气,-386.9631,600856.SH,002267.SZ,-57.8135,2.2378,32.786,,96.3199,13.4567,99.2329,长百集团宾馆广告、长百集团长百影城购物中心、长百集团长春百货大楼、长百集团长春市燃气供应,0.355251461,8.776622093,1.53324364,72.2992,134402.66,76.32236539,5.6717,能源,能源Ⅱ,石油、天然气与供消费用燃料,石油与天然气的储存和运输
2099,蓝思科技,蓝思科技,27.25,300433.SZ,300433.SZ,-57.3308,14.401,31.4922,45,34.6145,22.8464,86.4989,平板电脑防护玻璃、手机防护玻璃,1,83.38000475,0.274003343,29.6552,59257.16,153.838519,6.7336,信息技术,技术硬件与设备,电脑与外围设备,电脑存储与外围设备
952,上海家化,上海家化,-56.2271,600315.SH,600315.SH,9.2593,18.0571,8.1183,,14.2362,38.0618,80.0788,adidas个人护理用品及香水销售、COCOOL彩妆系列、佰草集唇彩、佰草集洁面乳、佰草集美白霜、佰草集沐浴露、佰草集洗发露、佰草集香精油、佰草集眼部保湿精华、佰草集浴盐、高夫保湿润肤露、高夫冰润唇膏、高夫古龙水、高夫沐浴露、高夫剃须泡、高夫自然整发摩丝、家安除菌洗手液、家安空气洁净剂、家安空调除菌清洗剂、家安免洗净手凝露、可采面贴膜、霖碧天然矿泉水、六神花露水、六神沐浴露、六神洗发水、六神香皂、美加净CQ活肤系列、美加净护肤霜、美加净全心护手霜、清妃橙彩惊艳彩妆系列、清妃赋活更新系列、清妃抗紫外系列、清妃柔白系列、舒欣动感保湿香氛、舒欣防晒润肤露、舒欣沐浴露、舒欣柔肤润体露,1,39.49012655,0.963830793,10.779,33.1335,256.5479505,6.7403,日常消费,家庭与个人用品,个人用品Ⅲ,个人用品
970,通程控股,通程控股,64.6598,000419.SZ,000419.SZ,8.2149,1.636,15.3025,,-1.3627,8.8409,67.8887,红星盛源通程、湖南通程典当公司、通程奥特莱斯直销广场、通程国际大酒店、通程家电连锁店、通程金色家族东塘店、通程浏阳购物中心、通程名品中心连锁店、通程温泉酒店,1,9.000036793,0.982318206,-0.6549,6092.08,48.05736422,5.4358,可选消费,零售业,多元化零售,综合货品商店
1278,平安银行,工商银行,1792.11,000001.SZ,601398.SH,-7.0175,230.0249,12.2325,,19.9979,9.6988,88.886,发展保险业务、发展出口信用证、发展存贷款业务、发展跟单托收、发展光票托收、发展贵宾卡、发展国际结算业务、发展国际卡、发展黄金投资、拆借和租赁、发展结售汇及外汇买卖避险、发展金融衍生工具、发展进口信用证、发展聚汇宝系列、发展开放式基金、发展离岸网银、发展联名卡、发展普通借记卡、发展企业理财、发展人民币信用卡、发展收支结算服务、发展外汇汇款、发展现金管理、发展校园卡、发展银行保函备用信用证、发展债券业务、发展证券业务、发展中国青年卡、发展资金流动性管理,0.08313789,9.15197835,1.05974901,30.1934,29068.1525,1387.770256,143.0868,金融,银行,商业银行,多元化银行
1978,新通联,美盈森,,603022.SH,002303.SZ,-47.541,,-38.495,,101.0945,20.7127,98.8501,轻型包装产品、重型包装产品,0.102432988,25,0.828508,3.2111,80755.7111,16.57016,0.8,材料,材料Ⅱ,容器与包装,纸包装
1835,南京银行,北京银行,-22.29,601009.SH,601169.SH,-39.2857,68.863,27.5227,,36.4825,6.715,98.4243,南京银行“金梅花”人民币理财产品、南京银行“金梅花”外汇理财产品、南京银行存贷款业务、南京银行基金代销、南京银行梅花贷记卡、南京银行梅花借记卡、南京银行梅花社保卡、南京银行商务卡、南京银行与证券公司第三方存管业务,0.396481224,15.71792046,0.427219365,43.9966,63442.83,226.024214,33.6596,金融,银行,商业银行,区域性银行
2259,中航资本,中航资本,66.6242,600705.SH,600705.SH,-71.7647,26.8619,22.6829,,14.5216,7.5369,73.1016,北亚北鹤实木复合地板、北亚纺织品贸易、北亚粮食进出口、北亚氧化铝进出口、北亚纸张、纸浆贸易,1,15.58001052,0.483754487,18.2771,16839.1016,338.268131,44.8816,金融,多元金融,多元金融服务,多领域控股
1384,贵研铂业,贵研铂业,-7.6228,600459.SH,600459.SH,-13.0435,1.0093,-15.2531,,1.5833,20.8188,36.3591,铂铑10-铂热偶丝、铂铑13-铂热偶丝、铂铑30-铂铑６热偶丝、贵研铂合金催化网、贵研铂业贵金属贸易、贵研铂业元江镍矿、贵研纯铂、贵研纯钯、贵研钯合金捕集网、金锡合金钎料、钯合金钎料,1,20.95980535,0.993272583,13.6014,-7611.3653,54.33290424,2.6098,材料,材料Ⅱ,金属、非金属与采矿,贵金属与矿石
1457,世联行,世联行,127.58,002285.SZ,002285.SZ,-17.6471,5.0571,13.7142,30,62.4778,11.4347,97.3936,世联地产代理销售业务、世联地产二手房买卖代理业务、世联地产房屋租赁代理业务、世联地产战略类顾问业务、世联地产住宅类顾问策划业务,1,16.22995781,0.704542805,38.4996,74041.3942,165.3114579,14.457,房地产,房地产Ⅱ,房地产管理和开发,房地产服务
1514,宜华健康,宜华健康,205.3912,000150.SZ,000150.SZ,-20,0.72,288.5976,,98.1758,37.7874,94.6481,“宜地”华苑、“宜地”宜景轩、“宜地”宜居华庭、“宜地”宜馨二期、“宜地”宜馨一期、汕头市澄海区宜嘉名都、汕头市龙湖区宜悦雅轩,1,38.1004243,0.991784231,680.437,178175.8,169.2119772,4.478,医疗保健,医疗保健设备与服务,医疗保健技术Ⅲ,医疗保健技术
1568,农产品,农产品,2.3462,000061.SZ,000061.SZ,-22.6629,1.0074,-18.9388,,-0.7061,17.52,19.1334,北京大红门京深海鲜批发市场、成都农产品中心批发市场、福田农产品批发市场、广东惠州农产品物流配送中心、广西海吉星国际农产品物流中心、广西糖网食糖批发市场、合肥周谷堆农产品批发市场、南昌深圳农产品批发市场、山东寿光蔬菜批发市场、上海农产品中心批发市场、深圳布吉农产品中心批发市场、深圳海吉星国际农产品物流园、沈阳海吉星农产品物流交易中心、天津海吉星农产品物流中心、天津韩家墅海吉星农产品物流中心、西安摩尔农产品批发市场、西北果品中心批发市场、长沙马王堆蔬菜批发市场,1,17.69004573,0.990387491,2.4171,-10173.0829,297.307392,16.9696,日常消费,食品与主要用品零售Ⅱ,食品与主要用品零售Ⅲ,食品分销商
1570,中国联通,中国联通,1.0198,600050.SH,600050.SH,-22.7188,69.7099,-25.4639,,1.4058,6.0839,104.7796,联通“沃”3G业务、联通193长途、联通3G业务、联通GSM国际漫游、联通GSM业务、联通IP电话业务、联通宝视通个人可视电话、联通固网、联通国际短信、联通国际及港澳台租线、联通互动世界、联通互联网数据中心IDC、联通互联网专线出租、联通丽音街、联通企业互联网、联通企业长话、联通商旅、联通神气宝典、联通数据及互联网服务、联通无限、联通无线VPDN、联通炫铃、联通寻呼业务、联通移动通信、联通在信、联通掌中宽带、联通综合电信服务,1,6.179999151,0.984449973,-3.3373,-13731.7342,1289.579947,211.966,电信服务,电信服务Ⅱ,多元电信服务,综合电信服务
1965,胜利精密,环旭电子,-166.2857,002426.SZ,601231.SH,-46.7128,3.548,45.2113,97.27,65.8737,10.3511,95.5183,冲压件、电视机后盖、金属加工件、平板电视底坐 、散热器、嗽叭罩网、塑制品,0.420150155,11.33119741,0.913504515,47.6481,102773.78,120.7611082,11.6665,信息技术,技术硬件与设备,电子设备、仪器和元件,电子制造服务
1977,晨光文具,晨光文具,-12.6027,603899.SH,603899.SH,-47.4524,4.2192,17.8314,,67.4176,20.4671,94.8614,晨光文具办公文具、晨光文具书写工具、晨光文具学生文具,1,42.06,0.486616738,22.466,83073.1,94.14866,4.6,工业,商业和专业服务,商业服务与用品,办公服务与用品
2427,全聚德,全聚德,18.5016,002186.SZ,002186.SZ,-100,1.4552,1.0083,15,4.6341,22.4754,91.381,“仿膳”直营店、“丰泽园”直营店、“四川饭店”直营店、仿膳饭庄满汉全席、仿膳荷叶饼、仿膳甜面酱、丰泽园饭店葱烧海参、全聚德刺参扣鸭掌、全聚德干烧四鲜、全聚德黄油煎鸭肝、全聚德火燎鸭心、全聚德芥末鸭掌、全聚德烤鸭、全聚德连锁店、全聚德卤鸭胗、全聚德水晶鸭宝、全聚德盐水鸭肝、全聚德真空包装烤鸭,1,23.00029177,0.977178908,0.7137,6.3561,69.32761884,3.0846,可选消费,消费者服务Ⅱ,酒店、餐馆与休闲Ⅲ,餐馆
2035,中国石化,中国石化,3.9059,600028.SH,600028.SH,-51.0297,438.3937,-36.8035,,13.6275,4.6857,85.9774,中国石化PTA/DMT、中国石化SBS、中国石化丙纶、中国石化丙烯腈、中国石化差别化纤维、中国石化柴油炼制、中国石化柴油销售、中国石化车船用润滑油、中国石化低眼聚乙烯、中国石化涤纶、中国石化丁苯橡胶、中国石化丁基橡胶、中国石化改性沥青、中国石化高压聚乙烯、中国石化工业用润滑油、中国石化合成润滑油脂、中国石化合成树脂专用料、中国石化化工轻油炼制、中国石化化工轻油销售、中国石化己内酰胺、中国石化加油站、中国石化锦纶、中国石化腈纶、中国石化聚苯乙烯、中国石化聚丙烯、中国石化聚氯乙烯、中国石化聚乙烯醇、中国石化聚酯、中国石化煤油炼制、中国石化煤油销售、中国石化尿素、中国石化汽油炼制、中国石化汽油销售、中国石化石油焦、中国石化顺丁橡胶、中国石化天然气、中国石化天然气勘测开采、中国石化维纶、中国石化线形低密度聚乙烯、中国石化乙二醇、中国石化乙烯、中国石化原油勘测开采、中国石化重交沥青,1,4.741010683,0.988333567,-27.3586,-26595.7025,5673.033687,1210.7121,能源,能源Ⅱ,石油、天然气与供消费用燃料,综合性石油天然气
2098,快乐购,快乐购,-108.09,300413.SZ,300413.SZ,-57.303,1.0909,-49.6923,-50,59.8744,39.4245,87.9982,快乐购电视购物、快乐购外呼购物、快乐购网络购物,1,39.6,0.995568182,1.6108,35029.8608,158.092245,4.01,可选消费,零售业,互联网与售货目录零售,售货目录零售
2444,北纬科技,北纬科技,276.4505,002148.SZ,002148.SZ,-111.1111,0.145,-116.582,-122.1743,-0.375,10.3141,,北纬通讯IVR、北纬通讯WAP业务、北纬通讯彩铃、北纬通讯彩信业务、北纬通讯短信、北纬通讯快信业务、北纬通讯手机游戏、北纬通讯手机杂志、北纬通讯新华社新闻业务、北纬通讯移动168业务,1,22.81024038,0.45216972,-17.1708,-55526.24,26.38862485,2.5585,电信服务,电信服务Ⅱ,无线电信业务Ⅲ,无线电信业务
2526,凯美特气,凯美特气,-40.038,002549.SZ,002549.SZ,-173.375,0.0335,-165.5079,-175.7351,-3.995,11.3204,,干冰Q/NJZ01-1995、液体二氧化碳（食品添加剂）,1,12.6,0.898444444,-60.093,-72022.9,64.186668,5.67,材料,材料Ⅱ,化工,工业气体
2850,中科创达,中科创达,,300496.SZ,300496.SZ,,1.3259,2.9723,,18.7607,35.6762,90.1344,平板电脑、智能电视软件BigDroid、智能电视软件SmartDroid、智能电视软件TVDroid、智能手机,1,140.01,0.254811799,26.3852,26679.2323,35.6762,1,信息技术,软件与服务,软件,系统软件
