class1,class2,name,total_value,yrs_0_1,yrs_1_3,yrs_3_5,yrs_5_7,yrs_7_10,yrs_10_more,name_short
总指数族,综合类指数,中债总财富指数,CBA00301.CS,CBA00311.CS,CBA00321.CS,CBA00331.CS,CBA00341.CS,CBA00351.CS,CBA00361.CS,总财富
总指数族,综合类指数,中债总净价指数,CBA00302.CS,CBA00312.CS,CBA00322.CS,CBA00332.CS,CBA00342.CS,CBA00352.CS,CBA00362.CS,总净价
总指数族,综合类指数,中债总全价指数,CBA00303.CS,CBA00313.CS,CBA00323.CS,CBA00333.CS,CBA00343.CS,CBA00353.CS,CBA00363.CS,总全价
总指数族,综合类指数,中债-新综合财富指数,CBA00101.CS,CBA00111.CS,CBA00121.CS,CBA00131.CS,CBA00141.CS,CBA00151.CS,CBA00161.CS,新综合财富
总指数族,综合类指数,中债-新综合净价指数,CBA00102.CS,CBA00112.CS,CBA00122.CS,CBA00132.CS,CBA00142.CS,CBA00152.CS,CBA00162.CS,新综合净价
总指数族,综合类指数,中债-新综合全价指数,CBA00103.CS,CBA00113.CS,CBA00123.CS,CBA00133.CS,CBA00143.CS,CBA00153.CS,CBA00163.CS,新综合全价
总指数族,综合类指数,中债-综合财富指数,CBA00201.CS,CBA00211.CS,CBA00221.CS,CBA00231.CS,CBA00241.CS,CBA00251.CS,CBA00261.CS,综合财富
总指数族,综合类指数,中债-综合净价指数,CBA00202.CS,CBA00212.CS,CBA00222.CS,CBA00232.CS,CBA00242.CS,CBA00252.CS,CBA00262.CS,综合净价
总指数族,综合类指数,中债-综合全价指数,CBA00203.CS,CBA00213.CS,CBA00223.CS,CBA00233.CS,CBA00243.CS,CBA00253.CS,CBA00263.CS,综合全价
总指数族,综合类指数,中债-地方政府债财富指数,CBA04401.CS,CBA04411.CS,CBA04421.CS,CBA04431.CS,CBA04441.CS,CBA04451.CS,CBA04461.CS,地方政府债财富
总指数族,综合类指数,中债-地方政府债净价指数,CBA04402.CS,CBA04412.CS,CBA04422.CS,CBA04432.CS,CBA04442.CS,CBA04452.CS,CBA04462.CS,地方政府债净价
总指数族,综合类指数,中债-地方政府债全价指数,CBA04403.CS,CBA04413.CS,CBA04423.CS,CBA04433.CS,CBA04443.CS,CBA04453.CS,CBA04463.CS,地方政府债全价
总指数族,综合类指数,中债-国债总财富指数,CBA00601.CS,CBA00611.CS,CBA00621.CS,CBA00631.CS,CBA00641.CS,CBA00651.CS,CBA00661.CS,国债总财富
总指数族,综合类指数,中债-国债总净价指数,CBA00602.CS,CBA00612.CS,CBA00622.CS,CBA00632.CS,CBA00642.CS,CBA00652.CS,CBA00662.CS,国债总净价
总指数族,综合类指数,中债-国债总全价指数,CBA00603.CS,CBA00613.CS,CBA00623.CS,CBA00633.CS,CBA00643.CS,CBA00653.CS,CBA00663.CS,国债总全价
总指数族,综合类指数,中债-金融债券总财富指数,CBA01201.CS,CBA01211.CS,CBA01221.CS,CBA01231.CS,CBA01241.CS,CBA01251.CS,CBA01261.CS,金融债券总财富
总指数族,综合类指数,中债-金融债券总净价指数,CBA01202.CS,CBA01212.CS,CBA01222.CS,CBA01232.CS,CBA01242.CS,CBA01252.CS,CBA01262.CS,金融债券总净价
总指数族,综合类指数,中债-金融债券总全价指数,CBA01203.CS,CBA01213.CS,CBA01223.CS,CBA01233.CS,CBA01243.CS,CBA01253.CS,CBA01263.CS,金融债券总全价
总指数族,综合类指数,中债-国债及政策性银行债财富指数,CBA05801.CS,,,,,,,国债及政策性银行债财富
总指数族,综合类指数,中债-国债及政策性银行债净价指数,CBA05802.CS,,,,,,,国债及政策性银行债净价
总指数族,综合类指数,中债-国债及政策性银行债全价指数,CBA05803.CS,,,,,,,国债及政策性银行债全价
总指数族,综合类指数,中债-信用债总财富指数,CBA02701.CS,CBA02711.CS,CBA02721.CS,CBA02731.CS,CBA02741.CS,CBA02751.CS,CBA02761.CS,信用债总财富
总指数族,综合类指数,中债-信用债总净价指数,CBA02702.CS,CBA02712.CS,CBA02722.CS,CBA02732.CS,CBA02742.CS,CBA02752.CS,CBA02762.CS,信用债总净价
总指数族,综合类指数,中债-信用债总全价指数,CBA02703.CS,CBA02713.CS,CBA02723.CS,CBA02733.CS,CBA02743.CS,CBA02753.CS,CBA02763.CS,信用债总全价
总指数族,综合类指数,中债-企业债总财富指数,CBA02001.CS,CBA02011.CS,CBA02021.CS,CBA02031.CS,CBA02041.CS,CBA02051.CS,CBA02061.CS,企业债总财富
总指数族,综合类指数,中债-企业债总净价指数,CBA02002.CS,CBA02012.CS,CBA02022.CS,CBA02032.CS,CBA02042.CS,CBA02052.CS,CBA02062.CS,企业债总净价
总指数族,综合类指数,中债-企业债总全价指数,CBA02003.CS,CBA02013.CS,CBA02023.CS,CBA02033.CS,CBA02043.CS,CBA02053.CS,CBA02063.CS,企业债总全价
总指数族,综合类指数,中债-公司债总指数财富指数,CBA06101.CS,CBA06111.CS,CBA06121.CS,CBA06131.CS,CBA06141.CS,CBA06151.CS,CBA06161.CS,公司债总财富
总指数族,综合类指数,中债-公司债总指数净价指数,CBA06102.CS,CBA06112.CS,CBA06122.CS,CBA06132.CS,CBA06142.CS,CBA06152.CS,CBA06162.CS,公司债总净价
总指数族,综合类指数,中债-公司债总指数全价指数,CBA06103.CS,CBA06113.CS,CBA06123.CS,CBA06133.CS,CBA06143.CS,CBA06153.CS,CBA06163.CS,公司债总全价
总指数族,综合类指数,中债-公司信用类债券财富指数,CBA03001.CS,CBA03011.CS,CBA03021.CS,CBA03031.CS,CBA03041.CS,CBA03051.CS,CBA03061.CS,公司信用类债券财富
总指数族,综合类指数,中债-公司信用类债券净价指数,CBA03002.CS,CBA03012.CS,CBA03022.CS,CBA03032.CS,CBA03042.CS,CBA03052.CS,CBA03062.CS,公司信用类债券净价
总指数族,综合类指数,中债-公司信用类债券全价指数,CBA03003.CS,CBA03013.CS,CBA03023.CS,CBA03033.CS,CBA03043.CS,CBA03053.CS,CBA03063.CS,公司信用类债券全价
总指数族,综合类指数,中债-同业存单总财富指数,CBA07501.CS,,,,,,,同业存单总财富
总指数族,综合类指数,中债-同业存单总净价指数,CBA07502.CS,,,,,,,同业存单总净价
总指数族,综合类指数,中债-同业存单总全价指数,CBA07503.CS,,,,,,,同业存单总全价
总指数族,综合类指数,中债-央票总财富指数,CBA01701.CS,CBA01711.CS,CBA01721.CS,,,,,央票总财富
总指数族,综合类指数,中债-央票总净价指数,CBA01702.CS,CBA01712.CS,CBA01722.CS,,,,,央票总净价
总指数族,综合类指数,中债-央票总全价指数,CBA01703.CS,CBA01713.CS,CBA01723.CS,,,,,央票总全价
总指数族,综合类指数,中债-短融总财富指数,CBA01801.CS,CBA01811.CS,,,,,,短融总财富
总指数族,综合类指数,中债-短融总净价指数,CBA01802.CS,CBA01812.CS,,,,,,短融总净价
总指数族,综合类指数,中债-短融总全价指数,CBA01803.CS,CBA01813.CS,,,,,,短融总全价
总指数族,综合类指数,中债-中期票据总财富指数,CBA02601.CS,CBA02611.CS,CBA02621.CS,CBA02631.CS,CBA02641.CS,CBA02651.CS,CBA02661.CS,中期票据总财富
总指数族,综合类指数,中债-中期票据总净价指数,CBA02602.CS,CBA02612.CS,CBA02622.CS,CBA02632.CS,CBA02642.CS,CBA02652.CS,CBA02662.CS,中期票据总净价
总指数族,综合类指数,中债-中期票据总全价指数,CBA02603.CS,CBA02613.CS,CBA02623.CS,CBA02633.CS,CBA02643.CS,CBA02653.CS,CBA02663.CS,中期票据总全价
分类指数,流通场所,中债-银行间资产支持证券财富指数,CBA05301.CS,CBA05311.CS,CBA05321.CS,CBA05331.CS,CBA05341.CS,CBA05351.CS,CBA05361.CS,银行间资产支持证券财富
分类指数,流通场所,中债-银行间债券总财富指数,CBA00901.CS,CBA00911.CS,CBA00921.CS,CBA00931.CS,CBA00941.CS,CBA00951.CS,CBA00961.CS,银行间债券总财富
分类指数,流通场所,中债-银行间债券总净价指数,CBA00902.CS,CBA00912.CS,CBA00922.CS,CBA00932.CS,CBA00942.CS,CBA00952.CS,CBA00962.CS,银行间债券总净价
分类指数,流通场所,中债-银行间债券总全价指数,CBA00903.CS,CBA00913.CS,CBA00923.CS,CBA00933.CS,CBA00943.CS,CBA00953.CS,CBA00963.CS,银行间债券总全价
分类指数,流通场所,中债-交易所国债财富指数,CBA01001.CS,CBA01011.CS,CBA01021.CS,CBA01031.CS,CBA01041.CS,CBA01051.CS,CBA01061.CS,交易所国债财富
分类指数,流通场所,中债-交易所国债净价指数,CBA01002.CS,CBA01012.CS,CBA01022.CS,CBA01032.CS,CBA01042.CS,CBA01052.CS,CBA01062.CS,交易所国债净价
分类指数,流通场所,中债-交易所国债全价指数,CBA01003.CS,CBA01013.CS,CBA01023.CS,CBA01033.CS,CBA01043.CS,CBA01053.CS,CBA01063.CS,交易所国债全价
分类指数,流通场所,中债-银行间国债财富指数,CBA01501.CS,CBA01511.CS,CBA01521.CS,CBA01531.CS,CBA01541.CS,CBA01551.CS,CBA01561.CS,银行间国债财富
分类指数,流通场所,中债-银行间国债净价指数,CBA01502.CS,CBA01512.CS,CBA01522.CS,CBA01532.CS,CBA01542.CS,CBA01552.CS,CBA01562.CS,银行间国债净价
分类指数,流通场所,中债-银行间国债全价指数,CBA01503.CS,CBA01513.CS,CBA01523.CS,CBA01533.CS,CBA01543.CS,CBA01553.CS,CBA01563.CS,银行间国债全价
分类指数,信用等级 ,中债-高信用等级债券财富指数,CBA01901.CS,CBA01911.CS,CBA01921.CS,CBA01931.CS,CBA01941.CS,CBA01951.CS,CBA01961.CS,高信用等级债券财富
分类指数,信用等级 ,中债-高信用等级债券净价指数,CBA01902.CS,CBA01912.CS,CBA01922.CS,CBA01932.CS,CBA01942.CS,CBA01952.CS,CBA01962.CS,高信用等级债券净价
分类指数,信用等级 ,中债-高信用等级债券全价指数,CBA01903.CS,CBA01913.CS,CBA01923.CS,CBA01933.CS,CBA01943.CS,CBA01953.CS,CBA01963.CS,高信用等级债券全价
分类指数,信用等级 ,中债-高信用等级中期票据财富指数,CBA03401.CS,CBA03411.CS,CBA03421.CS,CBA03431.CS,CBA03441.CS,CBA03451.CS,CBA03461.CS,高信用等级中期票据财富
分类指数,信用等级 ,中债-高信用等级中期票据净价指数,CBA03402.CS,CBA03412.CS,CBA03422.CS,CBA03432.CS,CBA03442.CS,CBA03452.CS,CBA03462.CS,高信用等级中期票据净价
分类指数,信用等级 ,中债-高信用等级中期票据全价指数,CBA03403.CS,CBA03413.CS,CBA03423.CS,CBA03433.CS,CBA03443.CS,CBA03453.CS,CBA03463.CS,高信用等级中期票据全价
分类指数,信用等级 ,中债-高收益中期票据财富指数,CBA03701.CS,CBA03711.CS,CBA03721.CS,CBA03731.CS,CBA03741.CS,CBA03751.CS,CBA03761.CS,高收益中期票据财富
分类指数,信用等级 ,中债-高收益中期票据净价指数,CBA03702.CS,CBA03712.CS,CBA03722.CS,CBA03732.CS,CBA03742.CS,CBA03752.CS,CBA03762.CS,高收益中期票据净价
分类指数,信用等级 ,中债-高收益中期票据全价指数,CBA03703.CS,CBA03713.CS,CBA03723.CS,CBA03733.CS,CBA03743.CS,CBA03753.CS,CBA03763.CS,高收益中期票据全价
分类指数,信用等级 ,中债-高信用等级企业债财富指数,CBA03501.CS,CBA03511.CS,CBA03521.CS,CBA03531.CS,CBA03541.CS,CBA03551.CS,CBA03561.CS,高信用等级企业债财富
分类指数,信用等级 ,中债-高信用等级企业债净价指数,CBA03502.CS,CBA03512.CS,CBA03522.CS,CBA03532.CS,CBA03542.CS,CBA03552.CS,CBA03562.CS,高信用等级企业债净价
分类指数,信用等级 ,中债-高信用等级企业债全价指数,CBA03503.CS,CBA03513.CS,CBA03523.CS,CBA03533.CS,CBA03543.CS,CBA03553.CS,CBA03563.CS,高信用等级企业债全价
分类指数,信用等级 ,中债-高收益企业债财富指数,CBA03801.CS,CBA03811.CS,CBA03821.CS,CBA03831.CS,CBA03841.CS,CBA03851.CS,CBA03861.CS,高收益企业债财富
分类指数,信用等级 ,中债-高收益企业债净价指数,CBA03802.CS,CBA03812.CS,CBA03822.CS,CBA03832.CS,CBA03842.CS,CBA03852.CS,CBA03862.CS,高收益企业债净价
分类指数,信用等级 ,中债-高收益企业债全价指数,CBA03803.CS,CBA03813.CS,CBA03823.CS,CBA03833.CS,CBA03843.CS,CBA03853.CS,CBA03863.CS,高收益企业债全价
分类指数,信用等级 ,中债-短融AA财富指数,CBA02301.CS,CBA02311.CS,,,,,,短融AA财富
分类指数,信用等级 ,中债-短融AA净价指数,CBA02302.CS,CBA02312.CS,,,,,,短融AA净价
分类指数,信用等级 ,中债-短融AA全价指数,CBA02303.CS,CBA02313.CS,,,,,,短融AA全价
分类指数,信用等级 ,中债-企业债AA-财富指数,CBA03901.CS,CBA03911.CS,CBA03921.CS,CBA03931.CS,CBA03941.CS,CBA03951.CS,CBA03961.CS,企业债AA财富
分类指数,信用等级 ,中债-企业债AA-净价指数,CBA03902.CS,CBA03912.CS,CBA03922.CS,CBA03932.CS,CBA03942.CS,CBA03952.CS,CBA03962.CS,企业债AA净价
分类指数,信用等级 ,中债-企业债AA-全价指数,CBA03903.CS,CBA03913.CS,CBA03923.CS,CBA03933.CS,CBA03943.CS,CBA03953.CS,CBA03963.CS,企业债AA全价
分类指数,信用等级 ,中债-企业债AA财富指数,CBA04001.CS,CBA04011.CS,CBA04021.CS,CBA04031.CS,CBA04041.CS,CBA04051.CS,CBA04061.CS,企业债AA财富
分类指数,信用等级 ,中债-企业债AA净价指数,CBA04002.CS,CBA04012.CS,CBA04022.CS,CBA04032.CS,CBA04042.CS,CBA04052.CS,CBA04062.CS,企业债AA净价
分类指数,信用等级 ,中债-企业债AA全价指数,CBA04003.CS,CBA04013.CS,CBA04023.CS,CBA04033.CS,CBA04043.CS,CBA04053.CS,CBA04063.CS,企业债AA全价
分类指数,信用等级 ,中债-企业债AA+财富指数,CBA04101.CS,CBA04111.CS,CBA04121.CS,CBA04131.CS,CBA04141.CS,CBA04151.CS,CBA04161.CS,企业债AA+财富
分类指数,信用等级 ,中债-企业债AA+净价指数,CBA04102.CS,CBA04112.CS,CBA04122.CS,CBA04132.CS,CBA04142.CS,CBA04152.CS,CBA04162.CS,企业债AA+净价
分类指数,信用等级 ,中债-企业债AA+全价指数,CBA04103.CS,CBA04113.CS,CBA04123.CS,CBA04133.CS,CBA04143.CS,CBA04153.CS,CBA04163.CS,企业债AA+全价
分类指数,信用等级 ,中债-企业债AAA财富指数,CBA04201.CS,CBA04211.CS,CBA04221.CS,CBA04231.CS,CBA04241.CS,CBA04251.CS,CBA04261.CS,企业债AAA财富
分类指数,信用等级 ,中债-企业债AAA净价指数,CBA04202.CS,CBA04212.CS,CBA04222.CS,CBA04232.CS,CBA04242.CS,CBA04252.CS,CBA04262.CS,企业债AAA净价
分类指数,信用等级 ,中债-企业债AAA全价指数,CBA04203.CS,CBA04213.CS,CBA04223.CS,CBA04233.CS,CBA04243.CS,CBA04253.CS,CBA04263.CS,企业债AAA全价
分类指数,代偿期限,中债-1-30年利率债财富指数,CBA05901.CS,CBA05921.CS,CBA05931.CS,CBA05941.CS,CBA05951.CS,CBA05961.CS,CBA05961.CS,130年利率债财富
分类指数,代偿期限,中债-1-30年利率债净价指数,CBA05902.CS,CBA05922.CS,CBA05932.CS,CBA05942.CS,CBA05952.CS,CBA05962.CS,CBA05962.CS,130年利率债净价
分类指数,代偿期限,中债-1-30年利率债全价指数,CBA05903.CS,CBA05923.CS,CBA05933.CS,CBA05943.CS,CBA05953.CS,CBA05963.CS,CBA05963.CS,130年利率债全价
分类指数,代偿期限,中债-1-3年政策性金融债财富指数,CBA07401.CS,,,,,,,13年政策性金融债财富
分类指数,代偿期限,中债-1-3年政策性金融债净价指数,CBA07402.CS,,,,,,,13年政策性金融债净价
分类指数,代偿期限,中债-1-3年政策性金融债全价指数,CBA07403.CS,,,,,,,13年政策性金融债全价
分类指数,代偿期限,中债-5年期金融债财富指数,CBA03301.CS,,,,,,,5年期金融债财富
分类指数,代偿期限,中债-5年期金融债净价指数,CBA03302.CS,,,,,,,5年期金融债净价
分类指数,代偿期限,中债-5年期金融债全价指数,CBA03303.CS,,,,,,,5年期金融债全价
分类指数,代偿期限,中债-0-3个月国债财富指数,CBA07301.CS,,,,,,,03个月国债财富
分类指数,代偿期限,中债-0-3个月国债净价指数,CBA07302.CS,,,,,,,03个月国债净价
分类指数,代偿期限,中债-0-3个月国债全价指数,CBA07303.CS,,,,,,,03个月国债全价
分类指数,代偿期限,中债-3-5年期国债财富指数,CBA04601.CS,,,,,,,35年期国债财富
分类指数,代偿期限,中债-5年期国债财富指数,CBA03101.CS,,,,,,,5年期国债财富
分类指数,代偿期限,中债-5年期国债净价指数,CBA03102.CS,,,,,,,5年期国债净价
分类指数,代偿期限,中债-5年期国债全价指数,CBA03103.CS,,,,,,,5年期国债全价
分类指数,代偿期限,中债-7-10年国债财富指数,CBA06501.CS,,,,,,,710年国债财富
分类指数,代偿期限,中债-7-10年国债净价指数,CBA06502.CS,,,,,,,710年国债净价
分类指数,代偿期限,中债-7-10年国债全价指数,CBA06503.CS,,,,,,,710年国债全价
分类指数,代偿期限,中债-10年期国债财富指数,CBA04501.CS,,,,,,,10年期国债财富
分类指数,代偿期限,中债-10年期国债净价指数,CBA04502.CS,,,,,,,10年期国债净价
分类指数,代偿期限,中债-10年期国债全价指数,CBA04503.CS,,,,,,,10年期国债全价
分类指数,代偿期限,中债-1-3年国开行债券财富指数,CBA07701.CS,,,,,,,13年国开行债券财富
分类指数,代偿期限,中债-1-3年国开行债券净价指数,CBA07702.CS,,,,,,,13年国开行债券净价
分类指数,代偿期限,中债-1-3年国开行债券全价指数,CBA07703.CS,,,,,,,13年国开行债券全价
分类指数,代偿期限,中债-3-5年国开行债券财富指数,CBA06301.CS,,,,,,,35年国开行债券财富
分类指数,代偿期限,中债-3-5年国开行债券净价指数,CBA06302.CS,,,,,,,35年国开行债券净价
分类指数,代偿期限,中债-3-5年国开行债券全价指数,CBA06303.CS,,,,,,,35年国开行债券全价
分类指数,代偿期限,中债-3-7年国开行债券财富指数,CBA07201.CS,CBA07231.CS,CBA07241.CS,,,,,37年国开行债券财富
分类指数,代偿期限,中债-3-7年国开行债券净价指数,CBA07202.CS,CBA07232.CS,CBA07242.CS,,,,,37年国开行债券净价
分类指数,代偿期限,中债-3-7年国开行债券全价指数,CBA07203.CS,CBA07233.CS,CBA07243.CS,,,,,37年国开行债券全价
分类指数,代偿期限,中债-7-10年国开行债券指数财富指数,CBA05201.CS,,,,,,,710年国开行债券财富
分类指数,代偿期限,中债-7-10年国开行债券指数净价指数,CBA05202.CS,,,,,,,710年国开行债券净价
分类指数,代偿期限,中债-7-10年国开行债券指数全价指数,CBA05203.CS,,,,,,,710年国开行债券全价
分类指数,代偿期限,中债-7-20年国开行债券财富指数,CBA06901.CS,CBA06941.CS,CBA06951.CS,CBA06961.CS,,,,720年国开行债券财富
分类指数,代偿期限,中债-7-20年国开行债券净价指数,CBA06902.CS,CBA06942.CS,CBA06952.CS,CBA06962.CS,,,,720年国开行债券净价
分类指数,代偿期限,中债-7-20年国开行债券全价指数,CBA06903.CS,CBA06943.CS,CBA06953.CS,CBA06963.CS,,,,720年国开行债券全价
分类指数,代偿期限,中债-10-20年国开行债券财富指数,CBA06201.CS,,,,,,,1020年国开行债券财富
分类指数,代偿期限,中债-10-20年国开行债券净价指数,CBA06202.CS,,,,,,,1020年国开行债券净价
分类指数,代偿期限,中债-10-20年国开行债券全价指数,CBA06203.CS,,,,,,,1020年国开行债券全价
分类指数,代偿期限,中债-1-3年农发行债券财富指数,CBA07001.CS,CBA07011.CS,CBA07021.CS,,,,,13年农发行债券财富
分类指数,代偿期限,中债-1-3年农发行债券净价指数,CBA07002.CS,CBA07012.CS,CBA07022.CS,,,,,13年农发行债券净价
分类指数,代偿期限,中债-1-3年农发行债券全价指数,CBA07003.CS,CBA07013.CS,CBA07023.CS,,,,,13年农发行债券全价
分类指数,代偿期限,中债-3-5年农发行债券财富指数,CBA07601.CS,,,,,,,35年农发行债券财富
分类指数,代偿期限,中债-3-5年农发行债券净价指数,CBA07602.CS,,,,,,,35年农发行债券净价
分类指数,代偿期限,中债-3-5年农发行债券全价指数,CBA07603.CS,,,,,,,35年农发行债券全价
分类指数,代偿期限,中债-7-10年农发行债券财富指数,CBA07101.CS,,,,,,,710年农发行债券财富
分类指数,代偿期限,中债-7-10年农发行债券净价指数,CBA07102.CS,,,,,,,710年农发行债券净价
分类指数,代偿期限,中债-7-10年农发行债券全价指数,CBA07103.CS,,,,,,,710年农发行债券全价
分类指数,代偿期限,中债-1-5年进出口行债券财富指数,CBA07801.CS,,,,,,,15年进出口行债券财富
分类指数,代偿期限,中债-1-5年进出口行债券净价指数,CBA07802.CS,,,,,,,15年进出口行债券净价
分类指数,代偿期限,中债-1-5年进出口行债券全价指数,CBA07803.CS,,,,,,,15年进出口行债券全价
分类指数,代偿期限,中债-10年期国债期货期限匹配金融债财富指数,CBA05501.CS,,,,,,,10年期国债期货期限匹配金融债财富
分类指数,代偿期限,中债-10年期国债期货期限匹配金融债净价指数,CBA05502.CS,,,,,,,10年期国债期货期限匹配金融债净价
分类指数,代偿期限,中债-10年期国债期货期限匹配金融债全价指数,CBA05503.CS,,,,,,,10年期国债期货期限匹配金融债全价
分类指数,代偿期限,中债-5年期国债期货期限匹配金融债财富指数,CBA05401.CS,,,,,,,5年期国债期货期限匹配金融债财富
分类指数,代偿期限,中债-5年期国债期货期限匹配金融债净价指数,CBA05402.CS,,,,,,,5年期国债期货期限匹配金融债净价
分类指数,代偿期限,中债-5年期国债期货期限匹配金融债全价指数,CBA05403.CS,,,,,,,5年期国债期货期限匹配金融债全价
分类指数,代偿期限,中债-中短期债券财富指数,CBA00701.CS,CBA00711.CS,CBA00721.CS,CBA00731.CS,CBA00741.CS,CBA00751.CS,CBA00761.CS,中短期债券财富
分类指数,代偿期限,中债-中短期债券净价指数,CBA00702.CS,CBA00712.CS,CBA00722.CS,CBA00732.CS,CBA00742.CS,CBA00752.CS,CBA00762.CS,中短期债券净价
分类指数,代偿期限,中债-中短期债券全价指数,CBA00703.CS,CBA00713.CS,CBA00723.CS,CBA00733.CS,CBA00743.CS,CBA00753.CS,CBA00763.CS,中短期债券全价
分类指数,代偿期限,中债-长期债券财富指数,CBA00801.CS,CBA00811.CS,CBA00821.CS,CBA00831.CS,CBA00841.CS,CBA00851.CS,CBA00861.CS,长期债券财富
分类指数,代偿期限,中债-长期债券净价指数,CBA00802.CS,CBA00812.CS,CBA00822.CS,CBA00832.CS,CBA00842.CS,CBA00852.CS,CBA00862.CS,长期债券净价
分类指数,代偿期限,中债-长期债券全价指数,CBA00803.CS,CBA00813.CS,CBA00823.CS,CBA00833.CS,CBA00843.CS,CBA00853.CS,CBA00863.CS,长期债券全价
分类指数,发行期限,中债-七年期国债财富指数,CBA01601.CS,CBA01611.CS,CBA01621.CS,CBA01631.CS,CBA01641.CS,CBA01651.CS,CBA01661.CS,七年期国债财富
分类指数,发行期限,中债-七年期国债净价指数,CBA01602.CS,CBA01612.CS,CBA01622.CS,CBA01632.CS,CBA01642.CS,CBA01652.CS,CBA01662.CS,七年期国债净价
分类指数,发行期限,中债-七年期国债全价指数,CBA01603.CS,CBA01613.CS,CBA01623.CS,CBA01633.CS,CBA01643.CS,CBA01653.CS,CBA01663.CS,七年期国债全价
分类指数,计息方式,中债-固定利率债券财富指数,CBA00401.CS,CBA00411.CS,CBA00421.CS,CBA00431.CS,CBA00441.CS,CBA00451.CS,CBA00461.CS,固定利率债券财富
分类指数,计息方式,中债-固定利率债券净价指数,CBA00402.CS,CBA00412.CS,CBA00422.CS,CBA00432.CS,CBA00442.CS,CBA00452.CS,CBA00462.CS,固定利率债券净价
分类指数,计息方式,中债-固定利率债券全价指数,CBA00403.CS,CBA00413.CS,CBA00423.CS,CBA00433.CS,CBA00443.CS,CBA00453.CS,CBA00463.CS,固定利率债券全价
分类指数,计息方式,中债-固定利率国债财富指数,CBA01101.CS,CBA01111.CS,CBA01121.CS,CBA01131.CS,CBA01141.CS,CBA01151.CS,CBA01161.CS,固定利率国债财富
分类指数,计息方式,中债-固定利率国债净价指数,CBA01102.CS,CBA01112.CS,CBA01122.CS,CBA01132.CS,CBA01142.CS,CBA01152.CS,CBA01162.CS,固定利率国债净价
分类指数,计息方式,中债-固定利率国债全价指数,CBA01103.CS,CBA01113.CS,CBA01123.CS,CBA01133.CS,CBA01143.CS,CBA01153.CS,CBA01163.CS,固定利率国债全价
分类指数,计息方式,中债-固定利率金融债财富指数,CBA01301.CS,CBA01311.CS,CBA01321.CS,CBA01331.CS,CBA01341.CS,CBA01351.CS,CBA01361.CS,固定利率金融债财富
分类指数,计息方式,中债-固定利率金融债净价指数,CBA01302.CS,CBA01312.CS,CBA01322.CS,CBA01332.CS,CBA01342.CS,CBA01352.CS,CBA01362.CS,固定利率金融债净价
分类指数,计息方式,中债-固定利率金融债全价指数,CBA01303.CS,CBA01313.CS,CBA01323.CS,CBA01333.CS,CBA01343.CS,CBA01353.CS,CBA01363.CS,固定利率金融债全价
分类指数,计息方式,中债-固定利率企业债财富指数,CBA02101.CS,CBA02111.CS,CBA02121.CS,CBA02131.CS,CBA02141.CS,CBA02151.CS,CBA02161.CS,固定利率企业债财富
分类指数,计息方式,中债-固定利率企业债净价指数,CBA02102.CS,CBA02112.CS,CBA02122.CS,CBA02132.CS,CBA02142.CS,CBA02152.CS,CBA02162.CS,固定利率企业债净价
分类指数,计息方式,中债-固定利率企业债全价指数,CBA02103.CS,CBA02113.CS,CBA02123.CS,CBA02133.CS,CBA02143.CS,CBA02153.CS,CBA02163.CS,固定利率企业债全价
分类指数,计息方式,中债-浮动利率债券财富指数,CBA00501.CS,CBA00511.CS,CBA00521.CS,CBA00531.CS,CBA00541.CS,CBA00551.CS,CBA00561.CS,浮动利率债券财富
分类指数,计息方式,中债-浮动利率债券净价指数,CBA00502.CS,CBA00512.CS,CBA00522.CS,CBA00532.CS,CBA00542.CS,CBA00552.CS,CBA00562.CS,浮动利率债券净价
分类指数,计息方式,中债-浮动利率债券全价指数,CBA00503.CS,CBA00513.CS,CBA00523.CS,CBA00533.CS,CBA00543.CS,CBA00553.CS,CBA00563.CS,浮动利率债券全价
分类指数,计息方式,中债-浮动利率金融债财富指数,CBA01401.CS,CBA01411.CS,CBA01421.CS,CBA01431.CS,CBA01441.CS,CBA01451.CS,CBA01461.CS,浮动利率金融债财富
分类指数,计息方式,中债-浮动利率金融债净价指数,CBA01402.CS,CBA01412.CS,CBA01422.CS,CBA01432.CS,CBA01442.CS,CBA01452.CS,CBA01462.CS,浮动利率金融债净价
分类指数,计息方式,中债-浮动利率金融债全价指数,CBA01403.CS,CBA01413.CS,CBA01423.CS,CBA01433.CS,CBA01443.CS,CBA01453.CS,CBA01463.CS,浮动利率金融债全价
分类指数,发行人类型,中债-国开行债券总财富指数,CBA02501.CS,CBA02511.CS,CBA02521.CS,CBA02531.CS,CBA02541.CS,CBA02551.CS,CBA02561.CS,国开行债券总财富
分类指数,发行人类型,中债-国开行债券总净价指数,CBA02502.CS,CBA02512.CS,CBA02522.CS,CBA02532.CS,CBA02542.CS,CBA02552.CS,CBA02562.CS,国开行债券总净价
分类指数,发行人类型,中债-国开行债券总全价指数,CBA02503.CS,CBA02513.CS,CBA02523.CS,CBA02533.CS,CBA02543.CS,CBA02553.CS,CBA02563.CS,国开行债券总全价
分类指数,发行人类型,中债-农发行债券总指数财富指数,CBA05101.CS,CBA05111.CS,CBA05121.CS,CBA05131.CS,CBA05141.CS,CBA05151.CS,CBA05161.CS,农发行债券总财富
分类指数,发行人类型,中债-农发行债券总指数净价指数,CBA05102.CS,CBA05112.CS,CBA05122.CS,CBA05132.CS,CBA05142.CS,CBA05152.CS,CBA05162.CS,农发行债券总净价
分类指数,发行人类型,中债-农发行债券总指数全价指数,CBA05103.CS,CBA05113.CS,CBA05123.CS,CBA05133.CS,CBA05143.CS,CBA05153.CS,CBA05163.CS,农发行债券总全价
分类指数,发行人类型,中债-进出口行债券总指数财富指数,CBA06401.CS,CBA06411.CS,CBA06421.CS,CBA06431.CS,CBA06441.CS,CBA06451.CS,CBA06461.CS,进出口行债券总财富
分类指数,发行人类型,中债-进出口行债券总指数净价指数,CBA06402.CS,CBA06412.CS,CBA06422.CS,CBA06432.CS,CBA06442.CS,CBA06452.CS,CBA06462.CS,进出口行债券总净价
分类指数,发行人类型,中债-进出口行债券总指数全价指数,CBA06403.CS,CBA06413.CS,CBA06423.CS,CBA06433.CS,CBA06443.CS,CBA06453.CS,CBA06463.CS,进出口行债券总全价
分类指数,发行人类型,中债-中国铁路总公司债券财富指数,CBA06801.CS,,,,,,,中国铁路总公司债券财富
分类指数,发行人类型,中债-中国铁路总公司债券净价指数,CBA06802.CS,,,,,,,中国铁路总公司债券净价
分类指数,发行人类型,中债-中国铁路总公司债券全价指数,CBA06803.CS,,,,,,,中国铁路总公司债券全价
分类指数,发行人类型,中债-商业银行债券财富指数,CBA02401.CS,CBA02411.CS,CBA02421.CS,CBA02431.CS,CBA02441.CS,CBA02451.CS,CBA02461.CS,商业银行债券财富
分类指数,发行人类型,中债-商业银行债券净价指数,CBA02402.CS,CBA02412.CS,CBA02422.CS,CBA02432.CS,CBA02442.CS,CBA02452.CS,CBA02462.CS,商业银行债券净价
分类指数,发行人类型,中债-商业银行债券全价指数,CBA02403.CS,CBA02413.CS,CBA02423.CS,CBA02433.CS,CBA02443.CS,CBA02453.CS,CBA02463.CS,商业银行债券全价
成分指数族,成分指数族,中债-央票50财富指数,CBB00101.CS,CBB00111.CS,CBB00121.CS,,,,,央票50财富
成分指数族,成分指数族,中债-央票50净价指数,CBB00102.CS,CBB00112.CS,CBB00122.CS,,,,,央票50净价
成分指数族,成分指数族,中债-央票50全价指数,CBB00103.CS,CBB00113.CS,CBB00123.CS,,,,,央票50全价
成分指数族,成分指数族,中债-短融50财富指数,CBB00201.CS,CBB00211.CS,,,,,,短融50财富
成分指数族,成分指数族,中债-短融50净价指数,CBB00202.CS,CBB00212.CS,,,,,,短融50净价
成分指数族,成分指数族,中债-短融50全价指数,CBB00203.CS,CBB00213.CS,,,,,,短融50全价
策略指数族 ,策略指数族 ,中债-中国高等级债券财富指数,CBC00101.CS,,,,,,,中国高等级债券财富
策略指数族 ,策略指数族 ,中债-中国高等级债券净价指数,CBC00102.CS,,,,,,,中国高等级债券净价
策略指数族 ,策略指数族 ,中债-中国高等级债券全价指数,CBC00103.CS,,,,,,,中国高等级债券全价
策略指数族 ,策略指数族 ,中债-关键期限国债财富指数,CBC00201.CS,,,,,,,关键期限国债财富
策略指数族 ,策略指数族 ,中债-关键期限国债净价指数,CBC00202.CS,,,,,,,关键期限国债净价
策略指数族 ,策略指数族 ,中债-关键期限国债全价指数,CBC00203.CS,,,,,,,关键期限国债全价
策略指数族 ,策略指数族 ,中债-中高等级公司债利差因子财富指数,CBC00701.CS,CBC00711.CS,CBC00721.CS,CBC00731.CS,CBC00741.CS,CBC00751.CS,CBC00761.CS,中高等级公司债利差因子财富
策略指数族 ,策略指数族 ,中债-中高等级公司债利差因子净价指数,CBC00702.CS,CBC00712.CS,CBC00722.CS,CBC00732.CS,CBC00742.CS,CBC00752.CS,CBC00762.CS,中高等级公司债利差因子净价
策略指数族 ,策略指数族 ,中债-中高等级公司债利差因子全价指数,CBC00703.CS,CBC00713.CS,CBC00723.CS,CBC00733.CS,CBC00743.CS,CBC00753.CS,CBC00763.CS,中高等级公司债利差因子全价
投资人分类指数族,投资人分类指数族,中债-保险机构投资财富指数,CBD00101.CS,CBD00111.CS,CBD00121.CS,CBD00131.CS,CBD00141.CS,CBD00151.CS,CBD00161.CS,保险机构投资财富
投资人分类指数族,投资人分类指数族,中债-保险机构投资净价指数,CBD00102.CS,CBD00112.CS,CBD00122.CS,CBD00132.CS,CBD00142.CS,CBD00152.CS,CBD00162.CS,保险机构投资净价
投资人分类指数族,投资人分类指数族,中债-保险机构投资全价指数,CBD00103.CS,CBD00113.CS,CBD00123.CS,CBD00133.CS,CBD00143.CS,CBD00153.CS,CBD00163.CS,保险机构投资全价
投资人分类指数族,投资人分类指数族,中债-商业银行投资财富指数,CBD00201.CS,CBD00211.CS,CBD00221.CS,CBD00231.CS,CBD00241.CS,CBD00251.CS,CBD00261.CS,商业银行投资财富
投资人分类指数族,投资人分类指数族,中债-商业银行投资净价指数,CBD00202.CS,CBD00212.CS,CBD00222.CS,CBD00232.CS,CBD00242.CS,CBD00252.CS,CBD00262.CS,商业银行投资净价
投资人分类指数族,投资人分类指数族,中债-商业银行投资全价指数,CBD00203.CS,CBD00213.CS,CBD00223.CS,CBD00233.CS,CBD00243.CS,CBD00253.CS,CBD00263.CS,商业银行投资全价
投资人分类指数族,投资人分类指数族,中债-信托计划投资财富指数,CBD00301.CS,CBD00311.CS,CBD00321.CS,CBD00331.CS,CBD00341.CS,CBD00351.CS,CBD00361.CS,信托计划投资财富
投资人分类指数族,投资人分类指数族,中债-信托计划投资净价指数,CBD00302.CS,CBD00312.CS,CBD00322.CS,CBD00332.CS,CBD00342.CS,CBD00352.CS,CBD00362.CS,信托计划投资净价
投资人分类指数族,投资人分类指数族,中债-信托计划投资全价指数,CBD00303.CS,CBD00313.CS,CBD00323.CS,CBD00333.CS,CBD00343.CS,CBD00353.CS,CBD00363.CS,信托计划投资全价
投资人分类指数族,投资人分类指数族,中债-证券公司投资财富指数,CBD00401.CS,CBD00411.CS,CBD00421.CS,CBD00431.CS,CBD00441.CS,CBD00451.CS,CBD00461.CS,证券公司投资财富
投资人分类指数族,投资人分类指数族,中债-证券公司投资净价指数,CBD00402.CS,CBD00412.CS,CBD00422.CS,CBD00432.CS,CBD00442.CS,CBD00452.CS,CBD00462.CS,证券公司投资净价
投资人分类指数族,投资人分类指数族,中债-证券公司投资全价指数,CBD00403.CS,CBD00413.CS,CBD00423.CS,CBD00433.CS,CBD00443.CS,CBD00453.CS,CBD00463.CS,证券公司投资全价
投资人分类指数族,投资人分类指数族,中债-证券基金投资财富指数,CBD00501.CS,CBD00511.CS,CBD00521.CS,CBD00531.CS,CBD00541.CS,CBD00551.CS,CBD00561.CS,证券基金投资财富
投资人分类指数族,投资人分类指数族,中债-证券基金投资净价指数,CBD00502.CS,CBD00512.CS,CBD00522.CS,CBD00532.CS,CBD00542.CS,CBD00552.CS,CBD00562.CS,证券基金投资净价
投资人分类指数族,投资人分类指数族,中债-证券基金投资全价指数,CBD00503.CS,CBD00513.CS,CBD00523.CS,CBD00533.CS,CBD00543.CS,CBD00553.CS,CBD00563.CS,证券基金投资全价
